Rank,Account Handle,URL
1,Sahra Wagenknecht,https://www.facebook.com/206307219386683
2,Alice Weidel,https://www.facebook.com/1061322973878937
3,SPIEGEL.TV,https://www.facebook.com/151090388297254
4,SPD-Fraktion im Bundestag,https://www.facebook.com/144380008933707
5,Auswärtiges Amt,https://www.facebook.com/237282353035609
6,Marie-Agnes Strack-Zimmermann,https://www.facebook.com/782677895144628
7,Beatrix von Storch,https://www.facebook.com/549796328395150
8,Sevim Dagdelen,https://www.facebook.com/1753343008226103
9,Lorenz Gösta Beutin,https://www.facebook.com/704854642863982
10,FDP Hessen,https://www.facebook.com/188188564583
11,Kay-Uwe Ziegler MdB,https://www.facebook.com/1829143163972472
12,Bundesministerium für Wirtschaft und Energie,
13,RTL Aktuell,https://www.facebook.com/119845424729050
14,quer,https://www.facebook.com/103687920727
15,CDU,https://www.facebook.com/78502295414
16,stern TV,https://www.facebook.com/120409127973461
17,Philipp Amthor,https://www.facebook.com/1427167380661053
18,Sportschau,https://www.facebook.com/53288989368
19,"Andreas Bleck, MdB",https://www.facebook.com/441715872855412
20,FREIE WÄHLER Bundesvereinigung,https://www.facebook.com/204327886385912
21,SPD,https://www.facebook.com/47930567748
22,Christoph de Vries,https://www.facebook.com/101094999966880
23,Anja Weisgerber,https://www.facebook.com/123317111021370
24,Endstation Rechts.,https://www.facebook.com/364336686475
25,Der Postillon,https://www.facebook.com/268611646525
26,PHOENIX,https://www.facebook.com/124651027557566
27,Sven Teuber,https://www.facebook.com/116305959089358
28,AfD Rheinland-Pfalz,https://www.facebook.com/162707793881819
29,Junge Union Deutschlands,https://www.facebook.com/46098347293
30,DIE LINKE. Baden-Württemberg,https://www.facebook.com/167785411957
31,Reinhard Mixl - AfD,https://www.facebook.com/100415686222162
32,hr1,https://www.facebook.com/134646292352
33,tagesschau,https://www.facebook.com/193081554406
34,Deutschland Kurier,https://www.facebook.com/336677843601760
35,AfD-Fraktion im Deutschen Bundestag,https://www.facebook.com/151974798719373
36,Heimatkanal,https://www.facebook.com/385526538268960
37,AfD Fraktion Sachsen,https://www.facebook.com/706758859393635
38,AfD Hessen,https://www.facebook.com/222005461272345
39,Frank Schwabe,https://www.facebook.com/132854030244592
40,Raimond Scheirich,https://www.facebook.com/680341992382788
41,Monitor,https://www.facebook.com/186702484702033
42,Die Linke,https://www.facebook.com/47694585682
43,Prof. Matthias Moosdorf MdB,
44,Norbert Röttgen,https://www.facebook.com/358818263101
45,"Saskia Esken, SPD",https://www.facebook.com/410100252391597
46,Grüne Bremen,https://www.facebook.com/207429192606075
47,Dirk Wiese,https://www.facebook.com/369365856491724
48,Petr Bystron,https://www.facebook.com/1636160909956158
49,FDP,https://www.facebook.com/21289227249
50,AfD,https://www.facebook.com/540404695989874
51,Let's Dance,https://www.facebook.com/107044789332155
52,WELT,https://www.facebook.com/97515118114
53,ServusTV,https://www.facebook.com/248450014269
54,SAT.1 NRW,https://www.facebook.com/159957247373631
55,Landesschau Rheinland-Pfalz,https://www.facebook.com/225785584742
56,Emil Sänze MdL,https://www.facebook.com/968740273257910
57,DER SPIEGEL,https://www.facebook.com/38246844868
58,BSW,https://www.facebook.com/164629470060120
59,FDP Rheinland-Pfalz,https://www.facebook.com/189449641081486
60,Anke Rehlinger,https://www.facebook.com/371950716321791
61,Fraktion Die Linke im Bundestag,https://www.facebook.com/104432729086229
62,Siemtje Möller MdB,https://www.facebook.com/1831908787045024
63,WDR,https://www.facebook.com/124207927630198
64,HL-live.de,https://www.facebook.com/1916678428546691
65,CDU-Landtagsfraktion Rheinland-Pfalz,https://www.facebook.com/361279990712164
66,radioeins,https://www.facebook.com/94769185977
67,Thomas Erndl MdB,https://www.facebook.com/278699465908771
68,Matthias Helferich MdB,https://www.facebook.com/1385543268201303
69,Bundeswehr,https://www.facebook.com/122840837780517
70,Markus Söder,https://www.facebook.com/366343133439370
71,NDR Niedersachsen,https://www.facebook.com/175524409170116
72,FREIE WÄHLER Bayern,https://www.facebook.com/276040002549416
73,Rheinland-Pfalz,https://www.facebook.com/189617674514883
74,AfD-Fraktion im Landtag Brandenburg,https://www.facebook.com/1479344942348052
75,NIUS,https://www.facebook.com/100391972856075
76,Tagesspiegel,https://www.facebook.com/59381221492
77,SPD-Landtagsfraktion Rheinland-Pfalz,https://www.facebook.com/1401030796873711
78,Bundesministerium für Gesundheit,https://www.facebook.com/323245001172018
79,Hans-Jürgen Goßner MdB,
80,der Freitag,https://www.facebook.com/313744767921
81,ntv Nachrichten,https://www.facebook.com/126049165307
82,Rainer Kraft,https://www.facebook.com/115152229053025
83,Ralf Schönborn,https://www.facebook.com/103204458635909
84,Merkurist Mainz,https://www.facebook.com/105283144877620
85,Dr. Malte Kaufmann,https://www.facebook.com/1178633522235857
86,rbb24,https://www.facebook.com/1645763252367579
87,"Martin E. Renner, MdB",https://www.facebook.com/1166598340038556
88,MDR Sachsen-Anhalt,https://www.facebook.com/182811948434829
89,Jan Nolte,https://www.facebook.com/801630029947609
90,ZDF heute,https://www.facebook.com/112784955679
91,CSU (Christlich-Soziale Union),https://www.facebook.com/81386795687
92,Markus Frohnmaier - AfD,https://www.facebook.com/1409631672620315
93,Karl Lauterbach,https://www.facebook.com/638247852865845
94,MDR Thüringen,https://www.facebook.com/568744579922152
95,volksfreund.de,https://www.facebook.com/101893453738
96,Rheinische Post,https://www.facebook.com/50327854366
97,Nina Scheer,https://www.facebook.com/335584086555989
98,Capriccio,https://www.facebook.com/987503531292024
99,Bild,https://www.facebook.com/25604775729
100,NDR Hamburg,https://www.facebook.com/171209559598528
101,Radio Siegen,https://www.facebook.com/119855951426045
102,RTL WEST,https://www.facebook.com/328377013879969
103,DieBasis,https://www.facebook.com/106516184465027
104,Ministerpräsident Niedersachsen,
105,Enrico Komning,https://www.facebook.com/770101233096479
106,FDP NRW,https://www.facebook.com/282800387209
107,FOCUS online,https://www.facebook.com/37124189409
108,Weltspiegel,https://www.facebook.com/49633993885
109,MDR AKTUELL,https://www.facebook.com/182968585073127
110,Radio Cottbus,https://www.facebook.com/167590538155
111,Franziska Brantner,https://www.facebook.com/169458386402344
112,Kirche im NDR,https://www.facebook.com/850743671661412
113,Westfalenpost,https://www.facebook.com/153917221634563
114,Sky Sport DE,https://www.facebook.com/124105314341667
115,Ralf Stegner,https://www.facebook.com/480641715335370
116,Bettina Hagedorn,https://www.facebook.com/120733721866398
117,Ruben Rupp,
118,SPD Hessen,https://www.facebook.com/111080175616050
119,Jüdische Allgemeine,https://www.facebook.com/362784088409
120,RTL Exclusiv,https://www.facebook.com/212099256910
121,Ostsee-Zeitung,https://www.facebook.com/374927701107
122,Bayernpartei,https://www.facebook.com/78309442751
123,Brandenburg aktuell,https://www.facebook.com/150952781609610
124,Sky Sport News,https://www.facebook.com/217516394953234
125,RADIO 21,https://www.facebook.com/131829193546831
126,rbb,https://www.facebook.com/138089939576812
127,AfD-Fraktion Sachsen-Anhalt,https://www.facebook.com/1078884028800904
128,Hessen.de,https://www.facebook.com/255656497874845
129,Denis Pauli,https://www.facebook.com/590763667442836
130,AfD-Fraktion im Hessischen Landtag,https://www.facebook.com/572530603230497
131,CDU/CSU-Bundestagsfraktion,https://www.facebook.com/190784743602
132,SPORT1,https://www.facebook.com/368699399171
133,Andreas Stoch,https://www.facebook.com/121115018256872
134,Wolfgang Wiehle,https://www.facebook.com/1586388241380355
135,Franziska Giffey,https://www.facebook.com/591089474361265
136,HISTORY,https://www.facebook.com/368448446426
137,Ministerium des Innern und für Kommunales des Landes Brandenburg,https://www.facebook.com/329282977598545
138,Gesicht Zeigen! Für ein weltoffenes Deutschland,https://www.facebook.com/272334799493
139,CSU-Fraktion im Bayerischen Landtag,https://www.facebook.com/146453833478
140,Martin Huber,https://www.facebook.com/141919912684120
141,NDR.de,https://www.facebook.com/182848831765655
142,DOMRADIO.DE,https://www.facebook.com/247944913310
143,Terra X,https://www.facebook.com/312193427930
144,FDP-Fraktion Bremen,https://www.facebook.com/160531500656482
145,Joachim Herrmann,https://www.facebook.com/741724592531706
146,AfD-Fraktion im Landtag von Baden-Württemberg,https://www.facebook.com/137771196652740
147,Bericht aus Berlin,https://www.facebook.com/296432197042477
148,Julia Klöckner,https://www.facebook.com/298621020195483
149,Manfred Schiller,https://www.facebook.com/146392531887430
150,AfD Hamburg,https://www.facebook.com/585678844775646
151,CDU Rheinland-Pfalz,https://www.facebook.com/178032906642
152,Nicole Gohlke,https://www.facebook.com/560137777526640
153,Engin Eroglu,https://www.facebook.com/477942969211245
154,RTLup,https://www.facebook.com/484732465060892
155,Stephan Protschka,https://www.facebook.com/530757183776023
156,Nikolaus Kramer MdL,https://www.facebook.com/706006922832857
157,Joana Cotar,https://www.facebook.com/242641809484926
158,Roman Simon MdA,https://www.facebook.com/2000333733546421
159,hessenschau,https://www.facebook.com/594399277278367
160,Kontext:Wochenzeitung,https://www.facebook.com/135205363218558
161,BR24,https://www.facebook.com/208046455335
162,Frankfurter Rundschau,https://www.facebook.com/134100583282150
163,Gitta Connemann,https://www.facebook.com/175211392516482
164,Junge Union Schleswig-Holstein,https://www.facebook.com/272058048725
165,DMAX,https://www.facebook.com/57592017713
166,Tichys Einblick,https://www.facebook.com/716555961791942
167,AfD-Fraktion im Landtag Rheinland-Pfalz,https://www.facebook.com/1073271182734567
168,Antenne Düsseldorf,https://www.facebook.com/162679716134
169,Transfermarkt.de,https://www.facebook.com/237837278879
170,K-TV katholisches Fernsehen,https://www.facebook.com/220746807998267
171,"Andreas Mayer, AfD",https://www.facebook.com/113508481602419
172,SWR Aktuell,https://www.facebook.com/112906815414721
173,Peter Boehringer,https://www.facebook.com/1534799293402291
174,neues deutschland,https://www.facebook.com/118757641536297
175,Martin Reichardt,https://www.facebook.com/1783417735277557
176,Christian Jung,
177,Prof. Michael Kaufmann,https://www.facebook.com/212830898880956
178,Stuttgarter Zeitung,https://www.facebook.com/129349103260
179,SWR3,https://www.facebook.com/61869322329
180,Wolfsburger Nachrichten,https://www.facebook.com/179387102145844
181,Chantal Kopf,https://www.facebook.com/104440024870878
182,NachDenkSeiten,https://www.facebook.com/215636828626
183,Aydan Özoguz,https://www.facebook.com/314261885329155
184,Galileo,https://www.facebook.com/57541544534
185,BayernSPD,https://www.facebook.com/305250279569563
186,Rosa-Luxemburg-Stiftung,https://www.facebook.com/134483979119
187,Hamburger Senat,https://www.facebook.com/724321677713043
188,newstime,https://www.facebook.com/171663852895480
189,Sascha Lienesch MdL,https://www.facebook.com/335535756580162
190,Bernd Gögel - AfD,https://www.facebook.com/527594970784442
191,Heilbronner Stimme,https://www.facebook.com/141931462525928
192,GoldStar TV,https://www.facebook.com/110203651883
193,WDR 3,https://www.facebook.com/145008745706730
194,Süddeutsche Zeitung,https://www.facebook.com/215982125159841
195,Radio Herne,https://www.facebook.com/228084332684
196,Radio Lippewelle Hamm,https://www.facebook.com/278973041588
197,Dr. Daniela Sommer,https://www.facebook.com/650245871668771
198,Gutmenschen Trollkommando,
199,AfD-Fraktion Hamburg,https://www.facebook.com/948945635150056
200,Berliner Zeitung,https://www.facebook.com/137267732953826
201,klagemauer.TV,https://www.facebook.com/525920087456649
202,Fraktion Die Linke im Landtag von Sachsen-Anhalt,
203,Jan-Phillip Tadsen - MdL,https://www.facebook.com/106078808429797
204,"Bastian Treuheit, MdB",
205,Dr. Dirk Spaniel,https://www.facebook.com/1801375653478633
206,Gewerkschaft der Polizei - GdP Berlin,https://www.facebook.com/959546790849258
207,Kay Gottschalk,https://www.facebook.com/578990648975282
208,auto motor und sport,https://www.facebook.com/99610948404
209,Promiflash,https://www.facebook.com/106599806045924
210,Richard Graupner,https://www.facebook.com/444299419349774
211,ran,https://www.facebook.com/322645129447
212,FDP-Landtagsfraktion NRW,https://www.facebook.com/357029895386
213,Uwe Schulz,https://www.facebook.com/1167700783325442
214,Senatskanzlei Berlin,https://www.facebook.com/126188121409586
215,AfD Kreisverband Frankfurt am Main,https://www.facebook.com/1598796167053270
216,Barbara Benkstein AfD,
217,BÜNDNIS 90/DIE GRÜNEN,https://www.facebook.com/47217143218
218,NDR 2,https://www.facebook.com/60365300221
219,"Peter Felser, AfD",https://www.facebook.com/225499161202327
220,Diana Stöcker,https://www.facebook.com/100373758774406
221,heise online,https://www.facebook.com/333992367317
222,Klimaschutzministerium RLP,https://www.facebook.com/287620881589935
223,Bernd Rützel,https://www.facebook.com/701570419910290
224,ARD Food,
225,Motorvision TV,https://www.facebook.com/381569535034
226,Klaus Holetschek,https://www.facebook.com/515285941922173
227,AfD-Fraktion im Bayerischen Landtag,https://www.facebook.com/2158012137543502
228,Linda Teuteberg,https://www.facebook.com/206642169865571
229,ARD GESUND,
230,Dr. Markus Reichel,https://www.facebook.com/101366211961573
231,FDP Brandenburg,https://www.facebook.com/210778952288250
232,Melanie Huml,https://www.facebook.com/369808499805109
233,Nürnberger Nachrichten,https://www.facebook.com/177750712241837
234,Birgit Bessin,https://www.facebook.com/272503402909141
235,Lübecker Nachrichten Online,https://www.facebook.com/373673517230
236,Jens Peick,https://www.facebook.com/105997131335760
237,WA,https://www.facebook.com/206555127883
238,Helge Lindh,https://www.facebook.com/339094399790397
239,mittelhessen.de,https://www.facebook.com/115345361858054
240,Rhein-Neckar-Zeitung,https://www.facebook.com/103370823087899
241,ClipMyHorse.TV Deutschland,https://www.facebook.com/161635353394
242,Konstantin von Notz,https://www.facebook.com/1057395874293125
243,Kerstin Griese,https://www.facebook.com/267441470338062
244,NWZonline,https://www.facebook.com/216393369120
245,Epoch Times Panorama,https://www.facebook.com/1585261178394358
246,Dennis Rohde,https://www.facebook.com/435851583129781
247,stern,https://www.facebook.com/78766664651
248,Bodo Ramelow,https://www.facebook.com/669243103118034
249,Gottfried Curio,https://www.facebook.com/265344823886953
250,buten un binnen,https://www.facebook.com/121584827879518
251,t-online,https://www.facebook.com/24897707939
252,Neue Deister-Zeitung / NDZ,https://www.facebook.com/409564431118
253,ARD Marktcheck,
254,Pierre Lamely - AfD,https://www.facebook.com/104739511934234
255,Dr. Hülya Düber,
256,Roderich Kiesewetter,https://www.facebook.com/652126884801498
257,Thomas Bareiß,https://www.facebook.com/152284468263590
258,CDU Thüringen,https://www.facebook.com/129459503748982
259,CORRECTIV,https://www.facebook.com/1399637916952318
260,AfD KV Siegen-Wittgenstein,
261,Landesfeuerwehrverband Niedersachsen,https://www.facebook.com/1511275025837993
262,Torgauer Zeitung,https://www.facebook.com/169402140848
263,radio SAW,https://www.facebook.com/143483951890
264,Yvonne Gebauer,https://www.facebook.com/1425049301151339
265,osthessen-news.de,https://www.facebook.com/134624766583574
266,CDU Saar,https://www.facebook.com/334120300419
267,Armin Laschet,https://www.facebook.com/109478215738226
268,Handelsblatt,https://www.facebook.com/104709558232
269,tz München,https://www.facebook.com/121100397962810
270,Björn Simon,https://www.facebook.com/536275779902817
271,IG Metall Bezirk Niedersachsen und Sachsen-Anhalt,https://www.facebook.com/246226365408868
272,Ilse Aigner,https://www.facebook.com/430681347087363
273,news.de,https://www.facebook.com/200146199996497
274,Dr. Alexander Wolf,https://www.facebook.com/854202354631233
275,AfD Schleswig-Holstein,https://www.facebook.com/910790398984963
276,Stefan Politze,https://www.facebook.com/593200904219456
277,filstalwelle,https://www.facebook.com/110608918989662
278,Bündnis 90/Die Grünen Saarland,https://www.facebook.com/167231359972727
279,Klaus Gagel,https://www.facebook.com/133222360586511
280,Goslarsche Zeitung,https://www.facebook.com/149560811792833
281,Marcus Faber,https://www.facebook.com/105315240990459
282,Omid Nouripour,https://www.facebook.com/335200473236919
283,Hasepost,https://www.facebook.com/174396185965964
284,CDU  Mecklenburg-Vorpommern (CDU MV),https://www.facebook.com/142004422534101
285,Voltsonne - Mobile Photovoltaik Inselanlagen,
286,taff,https://www.facebook.com/152537657280
287,Achgut.com - Die Achse des Guten,https://www.facebook.com/180481025298371
288,taz,https://www.facebook.com/171844246207985
289,Reutlinger General-Anzeiger,https://www.facebook.com/208662292485245
290,Katrin Ebner-Steiner,https://www.facebook.com/1063894523641714
291,Grüne Fraktion Baden-Württemberg,https://www.facebook.com/117157858346169
292,"Dr. Götz Frömming, MdB",https://www.facebook.com/1163768790326569
293,Mahmut Özdemir,https://www.facebook.com/189259604552544
294,Winfried Bausback,https://www.facebook.com/312061525818186
295,Serdar Yüksel,https://www.facebook.com/961777890623902
296,Amadeu Antonio Stiftung,https://www.facebook.com/74994133255
297,NDR Mecklenburg-Vorpommern,https://www.facebook.com/280876185356655
298,B.Z.,https://www.facebook.com/57187632436
299,HNA,https://www.facebook.com/237702348824
300,katholisch.de,https://www.facebook.com/108851439196399
301,Rene Dierkes,https://www.facebook.com/100166866328132
302,Hermann Färber,https://www.facebook.com/565107070189081
303,Deutscher Wetterdienst,https://www.facebook.com/139420166123648
304,Allgemeine Zeitung,https://www.facebook.com/255951758912
305,Sebastian Striegel,https://www.facebook.com/1548351238767524
306,CDU Brandenburg,https://www.facebook.com/168325299887228
307,Schleswiger Nachrichten,https://www.facebook.com/362985850398822
308,Tobias Beck,https://www.facebook.com/506213122791503
309,Matthias Lieschke AfD,https://www.facebook.com/1505198643073430
310,news38.de,https://www.facebook.com/548855471932875
311,IKZ-Online,https://www.facebook.com/372250376168473
312,Sachsen-Anhalt.de,https://www.facebook.com/425826610811885
313,BYC-News.de,
314,Klaus Wiener MdB,https://www.facebook.com/102314525375756
315,Berliner Morgenpost,https://www.facebook.com/46239931235
316,Radio Lübeck,https://www.facebook.com/512636409215375
317,Eifeler Zeitung,https://www.facebook.com/130310047180125
318,Wiesbadener Kurier,https://www.facebook.com/262129856053
319,WESER-KURIER,https://www.facebook.com/48412147711
320,land.nrw,https://www.facebook.com/169463563099560
321,Volksstimme.de,https://www.facebook.com/110662875633207
322,Planet-Freak,
323,Boyens Medien,https://www.facebook.com/393903080690374
324,Andreas Schwarz,https://www.facebook.com/729931240351201
325,Isar-Loisachbote,https://www.facebook.com/286983908007293
326,Fürther Nachrichten,https://www.facebook.com/787580048023375
327,Stormarner Tageblatt - Nachrichten aus Stormarn und Umgebung,https://www.facebook.com/421468297897911
328,Aachener Zeitung - Düren,https://www.facebook.com/101400321336995
329,Heinsberger Zeitung,https://www.facebook.com/550749174981254
330,SAT.1 Frühstücksfernsehen,https://www.facebook.com/122474347825021
331,kreiszeitung.de,https://www.facebook.com/146798206489
332,ka-news.de,https://www.facebook.com/190748166563
333,Der Westen,https://www.facebook.com/243001859426137
334,"Michael Schrodi, MdB",https://www.facebook.com/373266896075258
335,TLC Deutschland,https://www.facebook.com/598033656906056
336,Echo Online,https://www.facebook.com/145340745513489
337,Neue Westfälische,https://www.facebook.com/215604728519502
338,Bayerwald-Echo,https://www.facebook.com/295426853869262
339,AfD-Fraktion Mecklenburg-Vorpommern,https://www.facebook.com/580401892143117
340,CDU-Landtagsfraktion Niedersachsen,https://www.facebook.com/205838956172472
341,Martin Schirdewan,https://www.facebook.com/561842290518545
342,"Dr. Anna Köbberling, MdL",https://www.facebook.com/217667028619039
343,TAGEBLATT online,https://www.facebook.com/224383888773
344,Martina Englhardt-Kopf,https://www.facebook.com/100143048926878
345,Esra Limbacher,https://www.facebook.com/348979855478911
346,KSTA,https://www.facebook.com/141063022950
347,Daniela Schmitt,https://www.facebook.com/145118799207519
348,Die Harke - Nienburger Zeitung,https://www.facebook.com/136297626391848
349,CDU Hessen,https://www.facebook.com/217523541326
350,Gunnar Lindemann MdA,https://www.facebook.com/659320797543272
351,Punkt 12,https://www.facebook.com/147540128640174
352,Bernd Schattner MdB,https://www.facebook.com/108556880612537
353,WAZ,https://www.facebook.com/117194401183
354,NRWSPD,https://www.facebook.com/30774145303
355,Günter Krings,https://www.facebook.com/400578453368061
356,Sascha Lensing,https://www.facebook.com/108769000974500
357,Leonberger Kreiszeitung,https://www.facebook.com/145305275502262
358,Mittelbayerische,https://www.facebook.com/319314670603
359,Sprade TV,https://www.facebook.com/421315181287506
360,lokalkompass.de,https://www.facebook.com/149649935051742
361,bnn.de / Badische Neueste Nachrichten,https://www.facebook.com/450065218535261
362,Marcel Emmerich,https://www.facebook.com/105265511753865
363,Sebastian Lechner,https://www.facebook.com/624314001094066
364,Dr. Daniela Oeynhausen,https://www.facebook.com/100205555450460
365,Katrin Langensiepen,https://www.facebook.com/262729100577547
366,Eiskunstlaufblog,
367,Hubert Hüppe,https://www.facebook.com/164514150363925
368,"Jaqueline Rauschkolb, MdL",https://www.facebook.com/1414676452123984
369,Jessica Tatti,https://www.facebook.com/1701714076575330
370,Schwäbische,https://www.facebook.com/370592709617945
371,Tölzer Kurier,https://www.facebook.com/194152923969646
372,Gießener Allgemeine Zeitung,https://www.facebook.com/142861707245
373,Hellweger Anzeiger,https://www.facebook.com/1520821978139311
374,Heidenheimer Zeitung,https://www.facebook.com/163413840361180
375,Petra Federau,https://www.facebook.com/1632680683684573
376,Kieler Nachrichten,https://www.facebook.com/160954957393014
377,Daniel Lindenschmid MdL,https://www.facebook.com/758554274273918
378,Plattlinger Zeitung,https://www.facebook.com/141982552480156
379,Landshuter Zeitung,https://www.facebook.com/339189342765368
380,Achim Köhler - MdB,
381,Artur Auernhammer,https://www.facebook.com/233549693475148
382,Hohenloher Tagblatt - Südwest Presse,https://www.facebook.com/189491983401
383,Jeversches Wochenblatt,https://www.facebook.com/174162359282424
384,Grüne Landtagsfraktion Niedersachsen,https://www.facebook.com/153273561381773
385,Sarah Schweizer,https://www.facebook.com/102885408249343
386,Senatsverwaltung für Kultur und Gesellschaftlichen Zusammenhalt,
387,Weißenburger Tagblatt,https://www.facebook.com/346817585669665
388,Hamburger Abendblatt,https://www.facebook.com/121580125458
389,Kötztinger Zeitung,https://www.facebook.com/376765395675043
390,Germany's Next Topmodel,https://www.facebook.com/76620179938
391,Pascal Meiser,https://www.facebook.com/1181444335296054
392,Thüringer Ministerium für Inneres und Kommunales,https://www.facebook.com/600572733384008
393,Dr. Katja Strauss-Köster,https://www.facebook.com/100559865160887
394,Bremische Bürgerschaft,https://www.facebook.com/112062055514490
395,Nordkurier,https://www.facebook.com/102742776465803
396,Soester Anzeiger,https://www.facebook.com/171180969565507
397,"BNN - Baden-Baden, Rastatt, Gaggenau, Murgtal",
398,Landeszeitung Lüneburg,https://www.facebook.com/106727649360868
399,Wetterauer Zeitung,https://www.facebook.com/198391710172409
400,AfD Hannover Stadt,https://www.facebook.com/818732621553521
401,Martin Hagen,https://www.facebook.com/112072139503036
402,Fabian Ehmann,https://www.facebook.com/100952161983109
403,Michael Weiss Hamburg,
404,Lars Haise MdB,
405,Jens Lehmann für Leipzig,https://www.facebook.com/1172124759533323
406,Isabel Cademartori,https://www.facebook.com/104824124853030
407,PZ-news.de,https://www.facebook.com/254564920485
408,Klaus Herrmann,https://www.facebook.com/346615899102825
409,Ringo Mühlmann,https://www.facebook.com/106722504318891
410,Lars Castellucci,https://www.facebook.com/295376017278501
411,münchen.tv,https://www.facebook.com/187023227796
412,Thüringer Landtag,https://www.facebook.com/118252978672037
413,Nürburgring Langstrecken-Serie,https://www.facebook.com/328952860482348
414,Dülmener Zeitung,https://www.facebook.com/145231442179920
415,CDU-Fraktion des Sächsischen Landtages,https://www.facebook.com/195137827175331
416,"Ole Thorben Buschhüter - für Rahlstedt, Oldenfelde und Meiendorf",
417,Torsten Welling,https://www.facebook.com/111736197353197
418,Stimberg Zeitung,https://www.facebook.com/220415318141650
419,Wilhelmshavener Zeitung,https://www.facebook.com/199119346371
420,HNA Waldeck-Frankenberg,https://www.facebook.com/104646406286132
421,Husumer Nachrichten - Nachrichten für Husum und Nordfriesland,https://www.facebook.com/200948810000954
422,Prof. Dr. Wolfgang Reinhart,https://www.facebook.com/551246314973765
423,Dewezet,https://www.facebook.com/145221692200220
424,DIE ZEIT,
425,Ostfriesische Nachrichten,https://www.facebook.com/447500198607403
426,Märkische Onlinezeitung MOZ.de,https://www.facebook.com/176540282380183
427,Rebecca Schamber,https://www.facebook.com/104984474736002
428,WEB.DE News,https://www.facebook.com/56488242934
429,Hersfelder Zeitung,https://www.facebook.com/117255265011796
430,RTL,https://www.facebook.com/179133132098813
431,Stuttgarter Nachrichten,https://www.facebook.com/144537361776
432,junge Welt,https://www.facebook.com/123292927706635
433,Bergsträßer Anzeiger,https://www.facebook.com/132474484062
434,Michael Breilmann,https://www.facebook.com/637407053037068
435,hildesheimer-allgemeine.de,https://www.facebook.com/440578380240
436,Bremen Vier,https://www.facebook.com/146547826366
437,Daniela Ludwig,https://www.facebook.com/351364005000140
438,Bundesamt für Naturschutz BfN,https://www.facebook.com/415902211806820
439,Osthessen-Zeitung,https://www.facebook.com/185802174792030
440,Radio Kiepenkerl,https://www.facebook.com/94920726193
441,Landwirtschaft er.LEE.ben mit Anthony Lee,
442,Oberbergische Volkszeitung,https://www.facebook.com/503991557073495
443,DGB Niedersachsen,https://www.facebook.com/135613263152191
444,Mindener Tageblatt,https://www.facebook.com/288611662122
445,Allgemeine Zeitung | Coesfeld | Billerbeck | Gescher | Rosendahl | azonline,https://www.facebook.com/160917910630207
446,"Dr. Florian Herrmann, MdL",https://www.facebook.com/674340402707662
447,Frankenpost,https://www.facebook.com/330862476314
448,Elmshorner Nachrichten,https://www.facebook.com/166635820118970
449,Osterholzer Kreisblatt,https://www.facebook.com/726908090691371
450,Radio Erft,https://www.facebook.com/285563461737
451,Cellesche Zeitung,https://www.facebook.com/145515862174755
452,NORDSEE-ZEITUNG,https://www.facebook.com/191627094189744
453,Göttinger Tageblatt,https://www.facebook.com/182170223513
454,Chancen NRW,https://www.facebook.com/488687318131748
455,Michael Meyer AfD Kandidat,
456,MRN News - News aus der Metropolregion Rhein-Neckar,https://www.facebook.com/167733503273125
457,Jörg Urban,https://www.facebook.com/913768352048396
458,Ottilie Klein,
459,LokalPlus,https://www.facebook.com/350658288463701
460,Standpunkt Realität,
461,Zeitungsverlag Der Patriot,https://www.facebook.com/150914838367904
462,donaukurier,https://www.facebook.com/349351113467
463,Hans-Böckler-Stiftung,https://www.facebook.com/141612489183275
464,Lausitzer Rundschau,https://www.facebook.com/406493209828
465,Markus Rinderspacher,https://www.facebook.com/587618004619757
466,Thomas Fetsch AfD,https://www.facebook.com/109227061438834
467,RTL Hessen,https://www.facebook.com/196259033835103
468,Wormser Zeitung,https://www.facebook.com/152450728144146
469,Mannheimer Morgen,https://www.facebook.com/232306660179000
470,SPD Berlin,https://www.facebook.com/134137749971478
471,Sabine Bätzing-Lichtenthäler,https://www.facebook.com/386107208164422
472,Fürstenfeldbrucker Tagblatt,https://www.facebook.com/182721931784452
473,Ostfriesen-Zeitung,https://www.facebook.com/117880954954949
474,Weilheimer Tagblatt,https://www.facebook.com/168950789869744
475,Carola Wolle MdL,https://www.facebook.com/414669855385269
476,Gernot Gruber MdL,https://www.facebook.com/173497759348922
477,Moosburger Zeitung,https://www.facebook.com/190679947707979
478,Rhein-Sieg-Anzeiger,https://www.facebook.com/138985909495015
479,Dr. Jan-Marco Luczak MdB,https://www.facebook.com/942949079130982
480,Fraktion BÜNDNIS DEUTSCHLAND in der Bremischen Bürgerschaft,https://www.facebook.com/443270926049106
481,Martin Gerster,https://www.facebook.com/151208418394628
482,EXPRESS,https://www.facebook.com/172718036608
483,SOL.DE - Saarland Online,https://www.facebook.com/175955092455146
484,"Steffen Janich, MdB",https://www.facebook.com/102359655324670
485,Saarbrücker Zeitung,https://www.facebook.com/198024296904368
486,Antenne Niederrhein,https://www.facebook.com/1080331075327607
487,Schaumburger Zeitung / Schaumburg-Lippische Landes-Zeitung,https://www.facebook.com/158037014255764
488,HNA Northeim/Uslar,https://www.facebook.com/197212367010402
489,"Ministerium für Inneres, Bauen und Sport des Saarlandes",https://www.facebook.com/791896130901196
490,Kerstin Schreyer,https://www.facebook.com/281342982023970
491,Neuburger Rundschau,https://www.facebook.com/196007550424939
492,Westfalen-Blatt,https://www.facebook.com/146591312068681
493,Dr. Christoph Berndt,https://www.facebook.com/2357545427862990
494,Holsteinischer Courier - Nachrichten für Neumünster und Umgebung,https://www.facebook.com/215799351845889
495,NW Kreis Herford,https://www.facebook.com/248829146485
496,lausitz.tv,https://www.facebook.com/177367818963544
497,Presse Augsburg,https://www.facebook.com/145138912353397
498,Chamer Zeitung,https://www.facebook.com/330495536980984
499,Florian Hahn,https://www.facebook.com/291644800982357
500,NDR Radiophilharmonie,https://www.facebook.com/134282593408290
501,Natalie Pawlik,https://www.facebook.com/118018648683989
502,Tobias von der Heide,https://www.facebook.com/534069933420303
503,General-Anzeiger Bonn,https://www.facebook.com/110992838916662
504,SPD-Fraktion Sachsen-Anhalt,https://www.facebook.com/181486545375086
505,96.9 Antenne Kaiserslautern,https://www.facebook.com/132076986856966
506,Fritz Güntzler MdB,https://www.facebook.com/621011257931252
507,Sport im Osten,https://www.facebook.com/238199569538032
508,MAZ Ostprignitz-Ruppin,https://www.facebook.com/298447750279869
509,Quarks,https://www.facebook.com/399241730563
510,Justus Moor,https://www.facebook.com/110069134851029
511,Klaus Burger,https://www.facebook.com/451899691554656
512,Pia Schellhammer,https://www.facebook.com/397885530721158
513,aktueller bericht,https://www.facebook.com/329085340446928
514,AFH,
515,MV digital,https://www.facebook.com/227279498838
516,Daniela Rump MdB,https://www.facebook.com/476786352188370
517,Marc Biadacz,https://www.facebook.com/1705704139744126
518,Elbe Jeetzel Zeitung,https://www.facebook.com/216036111885633
519,Humanistischer Pressedienst,https://www.facebook.com/109520412429344
520,Braunschweiger Zeitung,https://www.facebook.com/191375684235200
521,Berliner Kurier,https://www.facebook.com/230371893640548
522,Christian Zwanziger,https://www.facebook.com/199555273949323
523,Radio RSG,https://www.facebook.com/108177002276
524,SPD Hamburg,https://www.facebook.com/130273271119
525,SPD Schleswig-Holstein,https://www.facebook.com/165381593630826
526,Stefan Teufel MdL,https://www.facebook.com/369894326987958
527,svz.de - Nachrichten aus Mecklenburg-Vorpommern,https://www.facebook.com/170403846324261
528,Rhein-Zeitung,https://www.facebook.com/168076329941
529,Treuchtlinger Kurier,https://www.facebook.com/345482428963752
530,Dennis Maelzer,https://www.facebook.com/184138247750
531,Piratenpartei,https://www.facebook.com/149871337782
532,Praxis Tonak /  Naturheilkunde / Akupunktur / Coaching / Psychotherapie,
533,Timo Schreyer AfD,https://www.facebook.com/328531201324573
534,Westfälische Nachrichten,https://www.facebook.com/110986475603970
535,Hamburger Morgenpost,https://www.facebook.com/196072707519
536,Thüringische Landeszeitung - TLZ,https://www.facebook.com/130099667004470
537,Esther Dilcher,https://www.facebook.com/153140561875617
538,"Bayerisches Staatsministerium für Wohnen, Bau und Verkehr",https://www.facebook.com/358055624702296
539,Andreas Kenner,https://www.facebook.com/1626425754301412
540,Lahrer Zeitung,https://www.facebook.com/545267695811493
541,Christine Reimann,
542,Lars Kuppi - Ihr Abgeordneter im sächsischen Landtag,https://www.facebook.com/110757223658456
543,Sebastian Roloff,https://www.facebook.com/1130431107039858
544,Timm Kern,https://www.facebook.com/1521377664822241
545,Hannoversche Allgemeine Zeitung / HAZ,https://www.facebook.com/198530121257
546,Dr. Thorsten Rudolph,https://www.facebook.com/105317931705149
547,Uwe Schmidt,https://www.facebook.com/285483338534105
548,Emder Zeitung,https://www.facebook.com/562503793778612
549,Viechtacher Bayerwald-Bote,https://www.facebook.com/134558876577814
550,MAZ Havelland,https://www.facebook.com/570458563072378
551,Heute in Hamburg by Haspa,
552,WAZ Wolfsburger Allgemeine Zeitung,https://www.facebook.com/157458510973874
553,Radio Hochstift,https://www.facebook.com/255461421166351
554,Knut Abraham,https://www.facebook.com/233822753476345
555,Petra Köpping,https://www.facebook.com/948996345189286
556,Radio 7,https://www.facebook.com/85191472970
557,MAZonline / Märkische Allgemeine,https://www.facebook.com/205846648808
558,Oberhessische Presse,https://www.facebook.com/256125115266
559,Flensburger Tageblatt,https://www.facebook.com/385407234821854
560,Segeberger Zeitung,https://www.facebook.com/305854449861319
561,Antenne Sylt,https://www.facebook.com/109088842452079
562,Staatskanzlei Brandenburg,https://www.facebook.com/108509538426296
563,Rieser Nachrichten,https://www.facebook.com/411283375585213
564,SR info,https://www.facebook.com/139381656076338
565,Peter Moskopp,https://www.facebook.com/115766820291726
566,Political Translator,
567,"Karina Wächter, MdL",https://www.facebook.com/106300397767345
568,SPD-Landtagsfraktion Mecklenburg-Vorpommern,https://www.facebook.com/493734394101595
569,kobinet.ev,https://www.facebook.com/792828560787429
570,Backnanger Kreiszeitung,https://www.facebook.com/933260176819589
571,Simone Waffenschmidt. Die Seite.,
572,FINPlan B.Leemann,
573,Michael Noetzel,
574,Nicolas Fink,https://www.facebook.com/523878611442399
575,Oscar Am Freitag,https://www.facebook.com/344120969004291
576,Roland Theis,https://www.facebook.com/792165517819607
577,Rundblick Niedersachsen,https://www.facebook.com/1719501191646197
578,Sabine Poschmann,https://www.facebook.com/1373896675995661
579,TA Thüringer Allgemeine,https://www.facebook.com/97398174719
580,Wertinger Zeitung,https://www.facebook.com/341092679262260
581,Schongauer Nachrichten,https://www.facebook.com/231648176848446
582,Anne Janssen MdB,https://www.facebook.com/101642368559714
583,Radio 91.2,https://www.facebook.com/168231033233121
584,Sepp Maier,
585,Straubinger Tagblatt,https://www.facebook.com/351424101534723
586,nordbayern.de,https://www.facebook.com/161593376357
587,Wir-wollen-wirtschaftswunder,
588,DIE RHEINPFALZ,https://www.facebook.com/138065952884396
589,Salzlandmagazin,https://www.facebook.com/798714316811138
590,GAP-Tagblatt,https://www.facebook.com/217675751590225
591,Lüdenscheider Nachrichten,https://www.facebook.com/341723862519167
592,Potsdamer Neueste Nachrichten,https://www.facebook.com/150048738393292
593,Badische Zeitung,https://www.facebook.com/177670301122
594,Schaumburger Nachrichten,https://www.facebook.com/125361924189174
595,Bundesamt für Seeschifffahrt und Hydrographie,https://www.facebook.com/442841269614124
596,Erichs Erben,
597,Falko Droßmann,https://www.facebook.com/111794027823611
598,Friedrich-Naumann-Stiftung für die Freiheit,https://www.facebook.com/140889782312
599,Kurt Wansner,https://www.facebook.com/1669204569985964
600,Niklas Roths Märchenstunde,
601,Michael Donth MdB,https://www.facebook.com/313433438777354
602,Bürgerinitiative keinstadionbau,
603,wnoz,https://www.facebook.com/295395650806
604,Die Linke Sachsen,
605,RNZ Eberbach / Eberbacher Zeitung,https://www.facebook.com/771081156357984
606,Radio Zwickau,https://www.facebook.com/152837788064841
607,Merkurist Wiesbaden,https://www.facebook.com/111572041069808
608,Konrad Körner,https://www.facebook.com/2070086326412791
609,Nürtinger Zeitung,https://www.facebook.com/447704075283261
610,17:30 SAT.1 Bayern,https://www.facebook.com/157458897611159
611,Der Alltagsdenker,
612,Rottaler Anzeiger,https://www.facebook.com/142079305808253
613,Mitteldeutsche Zeitung,https://www.facebook.com/141558262607
614,Alles Foxxen ausser Mutti,
615,Claudia Schlottmann MdL,https://www.facebook.com/982592651845805
616,Kerstin Przygodda,https://www.facebook.com/103671048615835
617,"Stephan Oetzinger, MdL",https://www.facebook.com/385072038756411
618,Volker Nothing AfD,https://www.facebook.com/398142254358355
619,Volker Schebesta,https://www.facebook.com/106871027820874
620,WerteUnion Bayern,
621,Antenne Unna,https://www.facebook.com/126938877319021
622,Christin-Marie Stamm,https://www.facebook.com/101067625514306
623,Claudia Moll,https://www.facebook.com/872845746151301
624,Junge Union Mecklenburg-Vorpommern,https://www.facebook.com/88942229909
625,Klaus-Peter Willsch,https://www.facebook.com/475303929184653
626,Land.Schafft.Bayern,https://www.facebook.com/170055473557382
627,Marler Zeitung,https://www.facebook.com/1454017998144640
628,Schwabacher Tagblatt Online,https://www.facebook.com/1681028748855923
629,Stefan Ebner,https://www.facebook.com/168267103675456
630,ÖDP - Die Naturschutzpartei,https://www.facebook.com/120655374567
631,Nordfriesland Tageblatt - Nachrichten für Niebüll und Umgebung,https://www.facebook.com/116931445122241
632,ruhrbarone,https://www.facebook.com/206177341197
633,"Edgar Naujok, MdB",https://www.facebook.com/613418012814959
634,Astrid Timmermann-Fechter,https://www.facebook.com/339337802864627
635,Daniel Freiherr von Lützow,https://www.facebook.com/1428591354092550
636,Deniz Kurku - SPD,https://www.facebook.com/400196063667286
637,Generation Deutschland Rhein-Neckar,
638,Kirsikka Lansmann,https://www.facebook.com/109129178323472
639,Landtagsabgeordnete Martina Braun,https://www.facebook.com/1664962947072526
640,Sabine Tippelt,https://www.facebook.com/1626970397337128
641,Vasir Hørnvold,
642,Ministerium für Bildung und Kultur (Saarland),https://www.facebook.com/130474463763840
643,Katja Kipping,https://www.facebook.com/214211071944227
644,Solinger Tageblatt,https://www.facebook.com/224609884356
645,Nord24de,https://www.facebook.com/455667284641010
646,Grafenauer Anzeiger,https://www.facebook.com/112452225471211
647,Heike Troles,https://www.facebook.com/1551114491865638
648,Radio Hamburg,https://www.facebook.com/59133428603
649,Anja Troff-Schaffarzyk,https://www.facebook.com/209342649122862
650,Carsten Körber - MdB,https://www.facebook.com/464337703775204
651,"Dennis Junk, MdL",https://www.facebook.com/100423178678662
652,Diakonie in Niedersachsen,https://www.facebook.com/1374575586146199
653,Florian Schäfer,https://www.facebook.com/110106861498939
654,Hans Koller,https://www.facebook.com/109960400414445
655,Main-Echo,https://www.facebook.com/129608837086402
656,Martin Hess MdB,https://www.facebook.com/1299558906757745
657,Rhine-Blues-Warrior,
658,Pegnitz-Zeitung,https://www.facebook.com/106787346028451
659,Die Glocke,https://www.facebook.com/196091770416499
660,Grafschafter Nachrichten,https://www.facebook.com/168031279899168
661,Sächsische.de,https://www.facebook.com/258172067920
662,Süderländer Tageblatt,https://www.facebook.com/113336498754112
663,Augsburger Allgemeine,https://www.facebook.com/121104385783
664,Alexander Lorz,https://www.facebook.com/496343117459912
665,Charivari Würzburg,https://www.facebook.com/159144764111385
666,FREIE WÄHLER Landtagsfraktion,https://www.facebook.com/147843911894259
667,Hendrik Hoppenstedt,https://www.facebook.com/525779044151618
668,NDR Talk Show,https://www.facebook.com/168848746495298
669,SPD BRANDENBURG,https://www.facebook.com/139470429458087
670,Ems-Zeitung (noz.de),https://www.facebook.com/327559513975250
671,Sylt1 - das Sylter Fernsehen,https://www.facebook.com/144871662211264
672,"Dr. Fabian Mehring, MdL",https://www.facebook.com/545040792244231
673,Sindelfinger Zeitung / Böblinger Zeitung (SZ/BZ),https://www.facebook.com/238586181375
674,Diepholzer Kreisblatt,https://www.facebook.com/1483695831863746
675,Celler Presse,https://www.facebook.com/876347119115623
676,Siegener Zeitung,https://www.facebook.com/132588013420290
677,NDR Info,https://www.facebook.com/201887793186341
678,Nordkurier Rostock und Umgebung,
679,Bundesministerium für Arbeit und Soziales,https://www.facebook.com/108268845888673
680,CDU-Fraktion Berlin,https://www.facebook.com/119192498110884
681,Dr. Natalie Pfau-Weller,https://www.facebook.com/578072309367454
682,Dr. Oguzhan Yazici MdBB,https://www.facebook.com/328782104413437
683,Junge Liberale NRW,https://www.facebook.com/89784304183
684,Landauer Zeitung,https://www.facebook.com/120256201436968
685,Michael Preusch,https://www.facebook.com/102983724907907
686,Sabine Hartmann-Müller,https://www.facebook.com/2080061718915958
687,"Wolfgang Stefinger, MdB",https://www.facebook.com/353630558075336
688,Speyer 24 News,https://www.facebook.com/959859520797395
689,Neue Presse Hannover / NP,https://www.facebook.com/113329095368675
690,GMX News,https://www.facebook.com/187741777922914
691,Donau Zeitung,https://www.facebook.com/125408087539227
692,Dr. Carsten Brodesser,https://www.facebook.com/1847338492218497
693,netzpolitik.org,https://www.facebook.com/88898694774
694,Freie Presse,https://www.facebook.com/375109771472
695,"Sabine Dittmar, MdB",https://www.facebook.com/138187167349
696,Bietigheimer Zeitung,https://www.facebook.com/419686764794477
697,Nordbayerischer Kurier,https://www.facebook.com/127467280596683
698,SÜDKURIER,https://www.facebook.com/346232178065
699,Burghauser Anzeiger,https://www.facebook.com/137817792913689
700,Bärbel Kofler,https://www.facebook.com/183976541729215
701,Dr. Michael Meister,https://www.facebook.com/168727169874009
702,IG IPCO AG,
703,Jens Cotta,https://www.facebook.com/107129690969713
704,SHIVA & DIVA,
705,Thomas Röwekamp MdB,https://www.facebook.com/102027359049281
706,Ulrich Lange,https://www.facebook.com/108711250576241
707,Sozialministerium Mecklenburg-Vorpommern,https://www.facebook.com/241907602894186
708,Eichstätter Kurier,https://www.facebook.com/695962303780484
709,Sebastian Hartmann,
710,Dörte Liebetruth,https://www.facebook.com/223837734399146
711,Eschweiler Zeitung,https://www.facebook.com/1212207682168315
712,Marc Blondin MdL,https://www.facebook.com/1639209033065609
713,Naumburger Tageblatt/ Mitteldeutsche Zeitung Nebra,https://www.facebook.com/121307504605588
714,Werner Kalinka MdL,https://www.facebook.com/634087250131145
715,Roland Magerl,https://www.facebook.com/161013031430125
716,NR-Kurier.de,https://www.facebook.com/121744254574666
717,Prof. Dr. Harald Weyel,https://www.facebook.com/118445328784907
718,Die Tagespost,
719,RPR1.,https://www.facebook.com/150542518289554
720,Karin Logemann,https://www.facebook.com/828147113904771
721,Zeitungsverlag Waiblingen,https://www.facebook.com/284777194838
722,EWTN - katholisches TV,https://www.facebook.com/280611125305381
723,Christiane Staab,https://www.facebook.com/101989115056021
724,Classic Team,
725,Lena Düpont,https://www.facebook.com/241903739847716
726,SR 3 Saarlandwelle,https://www.facebook.com/175912719239844
727,"Timur Husein, MdA",https://www.facebook.com/193944157325672
728,inSüdthüringen,https://www.facebook.com/202862949746564
729,Fuldaer Zeitung,https://www.facebook.com/162547827109989
730,Michael Frieser,https://www.facebook.com/1636686689918879
731,Pinneberger Tageblatt,https://www.facebook.com/214264988586121
732,Anette Kramme,https://www.facebook.com/886463838049032
733,Hauke Finger MdB,
734,Lars Rohwer,https://www.facebook.com/2312246595760915
735,MDR KLASSIK,https://www.facebook.com/181935891956226
736,Markus Töns,https://www.facebook.com/1131664343579413
737,Peter Hauk MdL,https://www.facebook.com/103713183028606
738,ZOLLERN-ALB-KURIER,https://www.facebook.com/297464776425
739,Waltroper Zeitung,https://www.facebook.com/385237288287748
740,WDR aktuell,https://www.facebook.com/129317673783457
741,Fränkische Nachrichten,https://www.facebook.com/159264837455303
742,Remscheider General-Anzeiger,https://www.facebook.com/200672763291347
743,Eßlinger Zeitung,https://www.facebook.com/332067873971
744,Gifhorner Rundschau,https://www.facebook.com/101670253281302
745,queer.de,https://www.facebook.com/110863509177
746,Schauen wir mal,
747,Punkt 6,https://www.facebook.com/500288539998867
748,Bocholter Borkener Volksblatt,
749,Lippische Landes-Zeitung,https://www.facebook.com/319567342628
750,"Thüringer Ministerium für Bildung, Wissenschaft und Kultur",
751,Romina Plonsker,https://www.facebook.com/1045126222212052
752,Reisefreunde SCN,
753,Christian Brade,https://www.facebook.com/197395066937187
754,Döbelner Allgemeine Zeitung,https://www.facebook.com/339843109453620
755,Julian Schmidt - AfD,https://www.facebook.com/478280768958391
756,Marc Henrichmann,https://www.facebook.com/194705457238325
757,Olaf Kießling,https://www.facebook.com/715688205184488
758,Radio Mülheim,https://www.facebook.com/227595203550
759,Schlei-Bote - Nachrichten für Kappeln und Umgebung,https://www.facebook.com/168463996624130
760,Main-Spitze,https://www.facebook.com/273918819292887
761,Borkener Zeitung,https://www.facebook.com/139399519432620
762,Kreis-Anzeiger,https://www.facebook.com/257997657619115
763,Schwetzinger Zeitung,https://www.facebook.com/334415473380
764,Abendzeitung München,https://www.facebook.com/108807089248334
765,DEHOGA Niedersachsen,https://www.facebook.com/183229665090720
766,"Dr. Matthias Reuber, MdL",https://www.facebook.com/113346917194486
767,Erdinger / Dorfener Anzeiger,https://www.facebook.com/208932899124790
768,Franziska Hoppermann,https://www.facebook.com/1517688175031426
769,Hettstedt Live,https://www.facebook.com/115070338579201
770,Katharina Senge,https://www.facebook.com/102262745195971
771,Kay Ritter,https://www.facebook.com/376198983181063
772,Kerstin Vieregge,https://www.facebook.com/1383348715089774
773,Mathias Weiser,https://www.facebook.com/106400861584004
774,Ministerium der Finanzen und für Europa des Landes Brandenburg,https://www.facebook.com/781807418594678
775,Radio Essen,https://www.facebook.com/229375060100
776,Radio Euskirchen,https://www.facebook.com/129471373765326
777,Ruth Müller,https://www.facebook.com/286877184686015
778,WELT Next,https://www.facebook.com/608286412552308
779,Altmühl-Bote,https://www.facebook.com/675409839266505
780,AK-Kurier.de,https://www.facebook.com/116384631726850
781,SÜDWEST PRESSE Neckar-Alb,https://www.facebook.com/634974223501335
782,Münchner Merkur - München,https://www.facebook.com/112263422131274
783,Fränkischer Tag Bamberg,https://www.facebook.com/525646207451335
784,Anzeiger für Harlingerland,https://www.facebook.com/168165176551946
785,Deutschland - ich liebe dich,https://www.facebook.com/379585055899905
786,Sachsen.de,https://www.facebook.com/144999535562856
787,Bayerwald-Bote (Redaktion Zwiesel),https://www.facebook.com/142050502473142
788,NE-WS 89.4: Das Radio im Rhein-Kreis Neuss,https://www.facebook.com/124191824314620
789,Lachen mit der AfD,
790,Franz Branntwein,
791,Pro Gäubahn,
792,Weser-Ith News - www.meine-onlinezeitung.de,https://www.facebook.com/184799034901090
793,Antenne Landau,https://www.facebook.com/129094437150835
794,Böhme-Zeitung,https://www.facebook.com/173960252706586
795,Christina Weng,https://www.facebook.com/568512120016733
796,Faktentreue - Wissen statt Dissen,
797,Fehmarn/Heiligenhafen24,https://www.facebook.com/144425372244471
798,Kreiszeitung Wochenblatt,https://www.facebook.com/127379917362816
799,Linksfraktion Berlin,https://www.facebook.com/132505256799678
800,Sebastian Maack,https://www.facebook.com/162605307795210
801,Stefan Zierke,https://www.facebook.com/234636206679771
802,Volkmar Halbleib,https://www.facebook.com/193362290792379
803,Wolfenbütteler Zeitung,https://www.facebook.com/296522623699370
804,Yannick Bury,https://www.facebook.com/451241478944949
805,Haller Tagblatt - Südwest Presse,https://www.facebook.com/563302083694150
806,Lübecker Nachrichten Herzogtum Lauenburg,https://www.facebook.com/367137883473816
807,Nathanael Liminski,https://www.facebook.com/106601155324146
808,Hilpoltsteiner Kurier,https://www.facebook.com/563822643703653
809,Ludwigsburger Kreiszeitung  |  www.lkz.de,https://www.facebook.com/115477815208298
810,Traunsteiner Tagblatt,https://www.facebook.com/115240865685633
811,Achimer Kreisblatt,https://www.facebook.com/239410962933495
812,FNP - Frankfurter Neue Presse,https://www.facebook.com/115994585097103
813,Marc Schemmel,https://www.facebook.com/144475006285925
814,Meppener Tagespost (noz.de),https://www.facebook.com/186415961439638
815,1 million Palestinian milestones,
816,Halterner Zeitung,https://www.facebook.com/209471192399654
817,Herborner Tageblatt/Dill-Zeitung - mittelhessen.de,https://www.facebook.com/501998483211754
818,Landtagsfraktion BÜNDNIS 90/DIE GRÜNEN Sachsen-Anhalt,https://www.facebook.com/385647154829722
819,OM Online,https://www.facebook.com/180072212029175
820,ED-live Erding Aktuell,https://www.facebook.com/353143718127898
821,Landauer Neue Presse,https://www.facebook.com/142356102447593
822,Erlanger Nachrichten,https://www.facebook.com/198798066991985
823,Hanauer Anzeiger,https://www.facebook.com/401351709956495
824,Eckernförder Zeitung,https://www.facebook.com/279156428824958
825,Rems-Zeitung,https://www.facebook.com/146869215360910
826,Wetzlarer Neue Zeitung - mittelhessen.de,https://www.facebook.com/507700642631913
827,Niederelbe-Zeitung,https://www.facebook.com/117402991618350
828,FAZ.NET - Frankfurter Allgemeine Zeitung,https://www.facebook.com/346392590975
829,Meral Thoms,https://www.facebook.com/105702535034537
830,Nadine Hoffmann AfD MdL,https://www.facebook.com/362038304544972
831,Die Grünen Minden-Lübbecke,https://www.facebook.com/282126681808581
832,Gartenpartei,https://www.facebook.com/155913014603290
833,Geilenkirchener Zeitung,https://www.facebook.com/393738767670853
834,Johanniter-Unfall-Hilfe e.V. Landesverband Niedersachsen/Bremen,https://www.facebook.com/144653225889030
835,Mechthilde Wittmann,https://www.facebook.com/528479290600740
836,Patricia Peill,https://www.facebook.com/153980158359373
837,PornoTiger,
838,Thomas Hölck,https://www.facebook.com/985446058226818
839,Traunreuter Anzeiger,https://www.facebook.com/114190092398643
840,RTL Explosiv,https://www.facebook.com/109554329073084
841,PAZ Peiner Allgemeine Zeitung,https://www.facebook.com/202761866416190
842,ProSieben Stars,
843,EXPRESS NRW,https://www.facebook.com/133641250050126
844,Leverkusener Anzeiger,https://www.facebook.com/112594578797220
845,Osterhofener Zeitung,https://www.facebook.com/132340533472755
846,SZ Döbeln - Döbelner Anzeiger,https://www.facebook.com/322551301200512
847,Suum Cuique,
848,Alexander Engelhard,https://www.facebook.com/107244088251653
849,Altmark Zeitung,https://www.facebook.com/571873756199123
850,Antenne Trier,https://www.facebook.com/120093254722929
851,Gabriela Heinrich,https://www.facebook.com/133430763472093
852,Ministerium für Bildung und Kindertagesförderung Mecklenburg-Vorpommern,https://www.facebook.com/100320228682871
853,Odenwälder Echo,https://www.facebook.com/1469756393307649
854,Schweinfurter Tagblatt,https://www.facebook.com/160828313975922
855,Susanne Müller,https://www.facebook.com/113267573857808
856,seenluft24,https://www.facebook.com/170216939717552
857,Lokalfernsehen JenaTV,https://www.facebook.com/141594809370057
858,Allgäuer Zeitung,https://www.facebook.com/1028982723831740
859,Reichenhaller Tagblatt,https://www.facebook.com/164747007325566
860,Freie Welt,https://www.facebook.com/1066322516735737
861,Delmenews,https://www.facebook.com/507895922606642
862,Onetz Amberg,https://www.facebook.com/598495216876912
863,TAG24 Chemnitz,https://www.facebook.com/435659023238445
864,Güstrow TV,https://www.facebook.com/560248090671903
865,Recklinghäuser Zeitung,https://www.facebook.com/635334569861497
866,Herzeblog.de - Herzebrock-Clarholz,https://www.facebook.com/1455186394778417
867,Bayerisches Staatsministerium für Umwelt und Verbraucherschutz,https://www.facebook.com/142616569135649
868,DIE NECKARQUELLE,https://www.facebook.com/132232176795694
869,Mindelheimer Zeitung,https://www.facebook.com/222891147722466
870,Bundesregierung,https://www.facebook.com/768905426534529
871,Walsroder Zeitung,https://www.facebook.com/120808444289
872,Deggendorfer Zeitung,https://www.facebook.com/143366942343213
873,BNN - Bruchsaler Rundschau - Brettener Nachrichten,
874,Bayerisches Staatsministerium der Finanzen und für Heimat,https://www.facebook.com/438678309526151
875,CDU-Fraktion im Landtag von Sachsen-Anhalt,https://www.facebook.com/468498766534494
876,Fadime Tuncer - Landtagsabgeordnete für den Wahlkreis 39 Weinheim,https://www.facebook.com/111330491216849
877,Martin Matz,https://www.facebook.com/110226984492770
878,SPD Geretsried,
879,Tim Olein,
880,"Wartburg-Radio 96,5",https://www.facebook.com/182827991738108
881,Wilhelm Gebhard MdB,
882,Wolfspädagogik,
883,Donauwörther Zeitung,https://www.facebook.com/219303534859369
884,WLZ / Waldeckische Landeszeitung,https://www.facebook.com/206293576130965
885,Thomas Schnelle,https://www.facebook.com/307278593021308
886,Bayerische Staatszeitung,https://www.facebook.com/574628772599960
887,Ostholsteiner Anzeiger,https://www.facebook.com/231839996848350
888,BNN - Acher- und Bühler Bote,https://www.facebook.com/661926187502317
889,Ankertiere e.V,
890,Barbara Fuchs,https://www.facebook.com/202816910654217
891,Dachauer Nachrichten,https://www.facebook.com/243800215632517
892,Griesheimer Anzeiger,https://www.facebook.com/224659944354866
893,Hamburgische Bürgerschaft,https://www.facebook.com/166084620073109
894,"Meißen - unsere Stadt, Sachsen unsere Region, Deutschland unsere Heimat",
895,Michael Thews - MdB,https://www.facebook.com/702563316515363
896,"Michael Wagner, MdL",https://www.facebook.com/915686932096436
897,"Ministerium für Ernährung, Ländlichen Raum und Verbraucherschutz",https://www.facebook.com/1248706155192370
898,Radio Holiday,https://www.facebook.com/205559756351
899,Recycling Baron,
900,Rheiderland Zeitung,https://www.facebook.com/222067147898197
901,Ruppert Stüwe,https://www.facebook.com/110257067566418
902,"Stephan Stracke, MdB",https://www.facebook.com/249998031779294
903,Universitätsklinikum Würzburg - UKW,
904,Wirtschaftsminister Niedersachsen,
905,BuzzFeed Deutschland,https://www.facebook.com/666255463425866
906,Schwäbische Tuttlingen,https://www.facebook.com/1744718488880260
907,Landsberger Tagblatt,https://www.facebook.com/210231812343359
908,Vilshofener Anzeiger,https://www.facebook.com/134018016632771
909,Deutsche Wirtschafts Nachrichten,https://www.facebook.com/254235937994328
910,Dennis Buchner,https://www.facebook.com/1224169080941050
911,Kathrin Michel,https://www.facebook.com/100486298920315
912,Sören Voigt,https://www.facebook.com/411575186277077
913,Landfunker,https://www.facebook.com/122183421186353
914,Neumarkter Tagblatt,https://www.facebook.com/190743197636122
915,Christoph Schmid,https://www.facebook.com/1397239237183942
916,"Garke wie Gurke, nur mit A anstatt dem U",
917,Zevener Zeitung,https://www.facebook.com/386282121426436
918,Rotenburger Kreiszeitung,https://www.facebook.com/307929592574344
919,Der Untertan,
920,JuLis Rheinland-Pfalz,https://www.facebook.com/148993498457995
921,Ministerium der Finanzen und für Wissenschaft des Saarlandes,https://www.facebook.com/102597038555388
922,Pirna-TV,https://www.facebook.com/171566609540476
923,Reinhold Hilbers,https://www.facebook.com/1424142957641771
924,Roth-Hilpoltsteiner Volkszeitung,https://www.facebook.com/766897070123849
925,Schwäbisches Tagblatt Tübingen,https://www.facebook.com/154746264544931
926,Andreas Birzele,https://www.facebook.com/100451192976841
927,André Stinka,https://www.facebook.com/53607738659
928,"Clemens Hoch, MdL",https://www.facebook.com/1562103247383775
929,Der rollende Rhetoriker,
930,Jusos Bremen,https://www.facebook.com/115430518511470
931,Manuel Schmoll,
932,Marion Walsmann,https://www.facebook.com/116783588405311
933,NextPit,https://www.facebook.com/114942941146
934,SRB - Das Bürgerradio im Städtedreieck,https://www.facebook.com/181050051914269
935,TAoS deutsch,
936,Täglicher Anzeiger Holzminden,https://www.facebook.com/255913527761313
937,Volkhard Wille,https://www.facebook.com/101187282488669
938,"Wolfgang Waldmüller, MdL M-V",https://www.facebook.com/1651841218472962
939,Rechts ist keine Alternative,
940,Schwäbische Post,https://www.facebook.com/431410340537
941,Neu-Ulmer Zeitung,https://www.facebook.com/477594148919201
942,Coburger Tageblatt,https://www.facebook.com/154684167989029
943,Nordbayerische Nachrichten - Forchheim und Ebermannstadt,https://www.facebook.com/814906788579973
944,Schwäbische Ostalb,https://www.facebook.com/149147915122429
945,TAG24,https://www.facebook.com/560371954129652
946,Heinrich-Böll-Stiftung,https://www.facebook.com/32925303328
947,Simone Borchardt,https://www.facebook.com/1053646904666813
948,Dr. Susanne Aschhoff MdL,https://www.facebook.com/102581791781795
949,Geislinger Zeitung - Südwest Presse,https://www.facebook.com/190720242158
950,ttt - titel thesen temperamente,https://www.facebook.com/136753846360776
951,Appletechnikblog,
952,Bürgernahe Stadtpolitik für Senftenberg,
953,Covomo,
954,Das Siebte Flugblatt,
955,Diaspora Shqiptare,
956,Ein Hamm’er hat Meinung. Auch ungefragt.,
957,Generation Deutschland Coburg,
958,Geschmeidewald,
959,"Hanna Naber, MdL",https://www.facebook.com/1378268562239720
960,Informationsdienst Wissenschaft - idw,https://www.facebook.com/248984995115894
961,Jens Kamieth MdL,https://www.facebook.com/323964267964109
962,Jonas Geissler,https://www.facebook.com/107599588210185
963,Kosmonautshop.de • 100% DDR-Originale - VEB Textilkombinat,
964,Mercedes-Benz W113 Pagode SL,
965,Neue Presse Coburg,https://www.facebook.com/119722158041933
966,Sahra Mirow,https://www.facebook.com/191901564300256
967,Kreiszeitung Böblinger Bote,https://www.facebook.com/357599107961
968,Kölnische Rundschau,https://www.facebook.com/147616463739
969,Gandersheimer Kreisblatt,https://www.facebook.com/388845911510465
970,Mothergrid,https://www.facebook.com/575729962762932
971,Schwabmünchner Allgemeine,https://www.facebook.com/502998706384878
972,Pfaffenhofener Kurier,https://www.facebook.com/127837927278040
973,Landtag von Sachsen-Anhalt,https://www.facebook.com/105128368764869
974,Taunus Zeitung,https://www.facebook.com/142904989246583
975,saarnews,https://www.facebook.com/1633539943629045
976,Aichacher Nachrichten,https://www.facebook.com/276896775746686
977,Hohenzollerische Zeitung - Südwest Presse,https://www.facebook.com/190193819655
978,Klaus Lederer,https://www.facebook.com/140695769316176
979,VCD Kreisverband Region Hannover e. V.,
980,noz.de,https://www.facebook.com/106261086094051
981,Passauer Neue Presse (Redaktion Passau),https://www.facebook.com/141281645888076
982,Aichacher Zeitung,https://www.facebook.com/106491819403255
983,StZ Ludwigsburg,
984,Evangelisches Studienwerk,https://www.facebook.com/1518554045076470
985,Finger Security,
986,Fotowelt Schwerin,
987,Alternative für Schwabach,
988,BSZ - Bad Sodener Zeitung,https://www.facebook.com/214393231767578
989,Care in Germany,
990,Delmenhorster Kreisblatt,https://www.facebook.com/247762585237953
991,Dr. Georg Kippels MdB,https://www.facebook.com/686333338065826
992,Dr.CarstenWendelstorf Landkreis Kreis Holzminden,
993,Ernst Haft,
994,Guido Schröter Comics,
995,Hans-Peter Behrens MdL,https://www.facebook.com/101383564663850
996,Klaus Kaiser,https://www.facebook.com/1544143392559562
997,Ludwig Scheetz,https://www.facebook.com/405406826239377
998,Marco Schmitz MdL,https://www.facebook.com/498966216976478
999,Markus Höner,https://www.facebook.com/101715515081392
1000,MurOS GmbH,
1001,Ralf Nolten,https://www.facebook.com/817025541734529
1002,Thomas Keindorf,https://www.facebook.com/151135531609596
1003,Stephan Wolters,https://www.facebook.com/111580497960102
1004,Katharina Binz,https://www.facebook.com/106419387502290
1005,Wirtschaft.NRW,https://www.facebook.com/164365290425469
1006,Sebastian Fiedler,https://www.facebook.com/105856601651186
1007,Leipzig Seiten - Nachrichten aus der Messestadt,https://www.facebook.com/183651463385
1008,AINO Hamburg - by Haspa,https://www.facebook.com/282254821935064
1009,Nachtcafé - Die SWR Talkshow,https://www.facebook.com/288910434483079
1010,Carlo Cronenberg,https://www.facebook.com/1598008726876796
1011,Stephan Thomae,https://www.facebook.com/114479615316279
1012,Jörn Domeier - MdL für den Landkreis Helmstedt,https://www.facebook.com/1332527876865130
1013,JazzRadio,https://www.facebook.com/88672638945
1014,Neue Henneberger Zeitung,https://www.facebook.com/386449358382055
1015,Radio Regenbogen,https://www.facebook.com/269363574225
1016,Regio TV Stuttgart,https://www.facebook.com/302431957874
1017,iFUN,https://www.facebook.com/63911303448
1018,Arbeitgeberverband Gesamtmetall,https://www.facebook.com/169367889785454
1019,ODF - Fernsehen für Ostbrandenburg,https://www.facebook.com/165530212568
1020,Groß-Gerauer Echo/Rüsselsheimer Echo,https://www.facebook.com/1412960312254441
1021,Hochrhein-Zeitung.de,https://www.facebook.com/133517270156596
1022,Gransee-Zeitung,https://www.facebook.com/614581131920819
1023,Rheinneckarblog,https://www.facebook.com/179108668790685
1024,Toni Schuberl,https://www.facebook.com/113396290044519
1025,Lübecker Nachrichten Segeberg,https://www.facebook.com/1531972690414485
1026,ROCK ANTENNE,https://www.facebook.com/194674751046
1027,Gute Laune TV,https://www.facebook.com/94225783100
1028,BB RADIO,https://www.facebook.com/130128730353158
1029,Sebastian Watermeier MdL,https://www.facebook.com/1966782206947427
1030,Martin Brandl MdL,https://www.facebook.com/358186748320
1031,Verband der Chemischen Industrie e.V.,https://www.facebook.com/921326477983554
1032,Latizón TV,https://www.facebook.com/252931434721243
1033,"Barbara Lenk, Mitglied des Bundestages",https://www.facebook.com/104895582101538
1034,"Lena Saniye Güngör, MdL",https://www.facebook.com/401479227125083
1035,Max Mordhorst,https://www.facebook.com/112573977130245
1036,Grüne Jugend Bayern,https://www.facebook.com/43511284223
1037,Mittelschwäbische Nachrichten,https://www.facebook.com/405913616134851
1038,Frank Schmädeke,https://www.facebook.com/1492099767533787
1039,Anjes Tjarks,https://www.facebook.com/211267060302828
1040,Janine Wissler,https://www.facebook.com/403554119734838
1041,Christoph Meyer,https://www.facebook.com/162825633790607
1042,Junge Alternative Baden-Württemberg,https://www.facebook.com/477976142293548
1043,ZEIT ONLINE,https://www.facebook.com/37816894428
1044,ZDFinfo,https://www.facebook.com/151982034867083
1045,Susanna Kahlefeld-Seite,https://www.facebook.com/958456700918659
1046,Свободу Навальному/ Freiheit für Nawalny/ Hamburg,https://www.facebook.com/103168281799253
1047,Joachim Ebmeyer,https://www.facebook.com/113788420487876
1048,IG Metall Jugend,https://www.facebook.com/185101174836284
1049,terre des hommes,https://www.facebook.com/139968284118
1050,Ichwillfair,https://www.facebook.com/109573920927141
1051,Damian Boeselager,https://www.facebook.com/2056256127791743
1052,Ninja Warrior Germany,https://www.facebook.com/959361844138648
1053,Zervakis & Opdenhövel. Live.,https://www.facebook.com/105205171835668
1054,Friedhelm Boginski,https://www.facebook.com/103686381820453
1055,Daniel Baldy,https://www.facebook.com/104478578452808
1056,André Berghegger,https://www.facebook.com/315321281924550
1057,Dr. Daniela De Ridder,https://www.facebook.com/411771882251946
1058,Das Sommerhaus der Stars,https://www.facebook.com/1715931148460722
1059,tierisch tierisch,https://www.facebook.com/204078186289141
1060,Steffen Bilger,https://www.facebook.com/847387425402196
1061,mobiFlip.de,https://www.facebook.com/101999136772
1062,Otto Fricke,https://www.facebook.com/164713303726525
1063,RTL - Wir helfen Kindern - Spendenmarathon,https://www.facebook.com/146195955458969
1064,SPD Mecklenburg-Vorpommern,https://www.facebook.com/140300602673724
1065,Hubert ohne Staller,https://www.facebook.com/245750195476702
1066,BASIC thinking,https://www.facebook.com/97865265740
1067,Martin Gassner-Herz,https://www.facebook.com/102137858373111
1068,CDU Sachsen-Anhalt,https://www.facebook.com/171337982904329
1069,Heftig,https://www.facebook.com/204324616421942
1070,Junge Union NRW,https://www.facebook.com/108532101430
1071,Thomas Silberhorn,https://www.facebook.com/1667682606803909
1072,Carmen Wegge,https://www.facebook.com/116666403455275
1073,Stephan Standfuß MdA,https://www.facebook.com/114232913739465
1074,Maria-Lena Weiss MdB,https://www.facebook.com/111507193904173
1075,Innenministerium Mecklenburg-Vorpommern,https://www.facebook.com/331596614114611
1076,Kai Wegner,https://www.facebook.com/401644396606709
1077,Cosmonauts & Kings,https://www.facebook.com/164193207323735
1078,Kirchenzeitung,https://www.facebook.com/554238158054023
1079,K11 - Die neuen Fälle,https://www.facebook.com/162892430425579
1080,Take Me Out,https://www.facebook.com/543535275810227
1081,GIGA APPLE,https://www.facebook.com/237489601293
1082,WW-Kurier.de,https://www.facebook.com/102093069840289
1083,Wer weiß denn sowas?,https://www.facebook.com/1612724332384105
1084,Stephan Albani,https://www.facebook.com/286689658107688
1085,IGNANT,https://www.facebook.com/120713927946143
1086,CDU Hamburg,https://www.facebook.com/173796242642081
1087,Johannes Fechner,https://www.facebook.com/555842074449519
1088,DSDS - Deutschland sucht den Superstar,https://www.facebook.com/342504153220
1089,Lina Seitzl,https://www.facebook.com/102160768427515
1090,"Barbara Becker, MdL",https://www.facebook.com/278311789001540
1091,"Martin Böhm, MdL",https://www.facebook.com/320748971641029
1092,"Leopold Herz, MdL",https://www.facebook.com/151000451713370
1093,Markus Rösler,https://www.facebook.com/138689789485910
1094,Junge Liberale Sachsen-Anhalt,https://www.facebook.com/167448413270629
1095,Pascal Arweiler,https://www.facebook.com/105177845313579
1096,Junge Liberale JuLis Saar,https://www.facebook.com/204544519567598
1097,BÜNDNISGRÜNE-Fraktion Sachsen,https://www.facebook.com/155171461584819
1098,Sebastian Zinke,https://www.facebook.com/634398756756976
1099,"Sozialistische Gleichheitspartei, IV Internationale - SGP",https://www.facebook.com/90523314133
1100,Michael  Weinreich - Für Wilhelmsburg in der Bürgerschaft,https://www.facebook.com/156902081026932
1101,"Die Tagespost - Katholische Zeitung für Politik, Gesellschaft und Kultur",https://www.facebook.com/319203018481983
1102,Dr. Michael Blos,https://www.facebook.com/115693006938560
1103,Stephan Toscani,https://www.facebook.com/149169115142173
1104,Ministerpräsident Michael Kretschmer,https://www.facebook.com/138422136179542
1105,Björn Thümler,https://www.facebook.com/239576706244442
1106,Alexander Dierks,https://www.facebook.com/1669479939768852
1107,"Katharina Dröge, MdB",https://www.facebook.com/1895940400636093
1108,Dietmar Bartsch,https://www.facebook.com/135751919841485
1109,Mario Barth deckt auf!,https://www.facebook.com/713127115532597
1110,Jan Dieren,https://www.facebook.com/107192357860149
1111,MOIN.DE,https://www.facebook.com/100664674963681
1112,EU-Schwerbehinderung Online-Nachrichtenmagazin,https://www.facebook.com/127728724520267
1113,Bauer sucht Frau,https://www.facebook.com/117684391607862
1114,NDR Kultur,https://www.facebook.com/176937103705
1115,Ludwigshafen24,https://www.facebook.com/819036234817271
1116,Valentin Abel,https://www.facebook.com/1586699104972808
1117,Die Onlinezeitung für Mainfranken,https://www.facebook.com/836444046499374
1118,The Masked Singer Germany,https://www.facebook.com/295890528025406
1119,"Carolin Bachmann, MdB",https://www.facebook.com/102447141656283
1120,"Dr. Michael Espendiller, MdB",https://www.facebook.com/798071870367436
1121,Die Rosenheim-Cops,https://www.facebook.com/969630243065964
1122,Canan Bayram,https://www.facebook.com/169703019755684
1123,Zeiglers wunderbare Welt des Fußballs,https://www.facebook.com/273426262942
1124,Sing meinen Song - Das Tauschkonzert,https://www.facebook.com/610043092408105
1125,Niclas Dürbrook,https://www.facebook.com/105976728517860
1126,Reem Alabali-Radovan,https://www.facebook.com/102424668580172
1127,Thadäus König,https://www.facebook.com/1550003181784176
1128,Tim Pargent,https://www.facebook.com/602735560188299
1129,Gelnhäuser Neue Zeitung,https://www.facebook.com/306168312746894
1130,Bundesministerium für Ernährung und Landwirtschaft,https://www.facebook.com/108693899154288
1131,Ulrike Schielke - Ziesing AfD MV,https://www.facebook.com/1618008748513984
1132,Johannes Schätzl MdB,https://www.facebook.com/106192378156373
1133,Bundeszentrale für gesundheitliche Aufklärung (BZgA),https://www.facebook.com/734748463886108
1134,Manfred Pentz,https://www.facebook.com/593292404082611
1135,Klaus Hansen,https://www.facebook.com/104240042156507
1136,Linksjugend ['solid] Sachsen-Anhalt,https://www.facebook.com/159980757385880
1137,Linksjugend 'solid Mecklenburg-Vorpommern,https://www.facebook.com/519237931462413
1138,AfD Berlin,https://www.facebook.com/151543935027747
1139,Sven Lehmann,https://www.facebook.com/103380881643592
1140,Thüringer Heimatpartei,https://www.facebook.com/113007570269326
1141,Valentin Lippmann,https://www.facebook.com/1248426405167398
1142,Sabine Waschke,https://www.facebook.com/105834087915069
1143,Dr. Silke Lesemann,https://www.facebook.com/275294562909873
1144,Jörg Blöming,https://www.facebook.com/1823674971205625
1145,Florian Schneider,https://www.facebook.com/540998849332680
1146,"Jochen Haug, MdB",https://www.facebook.com/110377990871598
1147,Dr. Iris Martin-Gehl,https://www.facebook.com/732128846904782
1148,Thela Wernstedt MdL,https://www.facebook.com/254155828336349
1149,Junge Liberale Baden-Württemberg,https://www.facebook.com/119037791450041
1150,Dr.-Ing. Rolf Weigand,https://www.facebook.com/1569926646377002
1151,DW News,https://www.facebook.com/24369314439
1152,Junge Liberale JuLis,https://www.facebook.com/110976485656573
1153,Stephan Bothe MdL,https://www.facebook.com/1955234668060261
1154,Josef Hovenjürgen MdL,https://www.facebook.com/212567018874653
1155,Stefanie Drese,https://www.facebook.com/967367566634865
1156,Anne Shepley MdL,https://www.facebook.com/609493349521228
1157,Konrad-Adenauer-Stiftung,https://www.facebook.com/44511549119
1158,Thomas Ehrhorn AfD,https://www.facebook.com/945204268844750
1159,FDP Thüringen,https://www.facebook.com/217013861665887
1160,Bares für Rares,https://www.facebook.com/1881865098735533
1161,Marco Mohrmann MdL,https://www.facebook.com/216723288835950
1162,German Daily News,https://www.facebook.com/174519972681507
1163,SPD Baden-Württemberg,https://www.facebook.com/179057176050
1164,Kitchen Impossible,https://www.facebook.com/821111768015272
1165,Thomas Gebhart,https://www.facebook.com/399610793419033
1166,Dr. Christina Baum,https://www.facebook.com/449770495211587
1167,DIE DA OBEN!,https://www.facebook.com/376601206024823
1168,Freudenberg Online,https://www.facebook.com/115123251847601
1169,"Nicole Bauer, MdB",https://www.facebook.com/675646769291203
1170,SPD Niedersachsen,https://www.facebook.com/76866574484
1171,Futurium,https://www.facebook.com/352736338253081
1172,Ich bin ein Star - Holt mich hier raus!,https://www.facebook.com/152244254820340
1173,"Mario Brandenburg, MdB",https://www.facebook.com/171048233358845
1174,Katharina Beck,https://www.facebook.com/107206331322032
1175,Tobias Lindner,https://www.facebook.com/278875132141051
1176,SPD Rheinland-Pfalz,https://www.facebook.com/330165526782
1177,MDR Investigativ,https://www.facebook.com/171956279596183
1178,Weblogit,https://www.facebook.com/156119031090303
1179,Mannheim24,https://www.facebook.com/458074710960388
1180,So Gesehen Talk am Sonntag,https://www.facebook.com/193654510644664
1181,Junge Union Berlin,https://www.facebook.com/452000628224371
1182,Gefragt - Gejagt,https://www.facebook.com/1388789034755817
1183,Klaus Stöttner,https://www.facebook.com/349649338470907
1184,Hauke Hansen - CDU Landtagsabgeordneter für Neumünster und Boostedt,https://www.facebook.com/100326845777277
1185,Gyde Jensen,https://www.facebook.com/147856952517048
1186,Claudia Schüßler,https://www.facebook.com/423076391397584
1187,Fabian Gramling,https://www.facebook.com/1038130056206822
1188,Jan-Niclas Gesenhues,https://www.facebook.com/1998777053683118
1189,Jan Plobner,https://www.facebook.com/105197591620218
1190,Sarah Lahrkamp,https://www.facebook.com/100177145458129
1191,Denny Jankowski,https://www.facebook.com/255797764879696
1192,Martin Pätzold,https://www.facebook.com/186227614874497
1193,Hartmut Moorkamp,https://www.facebook.com/100817442697037
1194,Dennis Thering,https://www.facebook.com/174069489298219
1195,AfD Brandenburg,https://www.facebook.com/115602575294020
1196,CDU-Fraktion Land Bremen,https://www.facebook.com/245106622258525
1197,Rhein-Sieg Rundschau,https://www.facebook.com/177833668740743
1198,Tobias Keller  - MdL Sachsen,https://www.facebook.com/106200787585174
1199,Claudia Maicher,https://www.facebook.com/1907980712634073
1200,Frank Henning,https://www.facebook.com/213315645458272
1201,FDP-Landtagsfraktion Rheinland-Pfalz,https://www.facebook.com/833157910040047
1202,Junge Alternative Berlin,https://www.facebook.com/482997785173430
1203,Dr. Ralf-Norbert Bartelt MdL,https://www.facebook.com/566733907031278
1204,Thomas Uhlen,https://www.facebook.com/1666381850356344
1205,Christian Tischner,https://www.facebook.com/1116855345169430
1206,Frank Steinraths,https://www.facebook.com/263505147554500
1207,Linksjugend ['solid] Berlin,https://www.facebook.com/128409907174042
1208,Thekla Walker,https://www.facebook.com/1595631434033569
1209,Corinna Lange,https://www.facebook.com/108019628581435
1210,Max Schad,https://www.facebook.com/289549144910652
1211,Christoph Zippel MdL,https://www.facebook.com/396628017558674
1212,BÜNDNIS 90 / DIE GRÜNEN Thüringen,https://www.facebook.com/445962318752667
1213,"Franz-Robert Liskow, MdL",https://www.facebook.com/1471258759768876
1214,Henning Foerster,https://www.facebook.com/121978558503572
1215,Tobias Hans,https://www.facebook.com/54497594909
1216,DIE LINKE. Mecklenburg-Vorpommern,https://www.facebook.com/205311826175998
1217,NWZ - Südwest Presse,https://www.facebook.com/228612647167440
1218,BüSo - Bürgerrechtsbewegung Solidarität,https://www.facebook.com/166208683431531
1219,Astrid Damerow,https://www.facebook.com/147870419122960
1220,Jan Wenzel Schmidt - AfD,https://www.facebook.com/922499797823855
1221,Rundschau - Südwest Presse,https://www.facebook.com/506725412681115
1222,Bärbel Bas,https://www.facebook.com/645760532106194
1223,Alexander Bartz,https://www.facebook.com/101276215245096
1224,"Marcus Bühl, AfD MdB",https://www.facebook.com/1843056589285625
1225,Wiebke Esdar,https://www.facebook.com/1433558319994719
1226,Michel Deckmann,https://www.facebook.com/101040432216080
1227,Freie Demokraten im Thüringer Landtag,https://www.facebook.com/105537757585128
1228,Sören Bartol,https://www.facebook.com/1395797837300016
1229,DAS! im NDR Fernsehen,https://www.facebook.com/141864529247686
1230,Das Supertalent,https://www.facebook.com/352452876652
1231,Ali Al-Dailami,https://www.facebook.com/107144855027252
1232,Sonja Eichwede,https://www.facebook.com/118585603105337
1233,Agnieszka Brugger,https://www.facebook.com/169881576447003
1234,Newsportal Köln,https://www.facebook.com/433729573856503
1235,Lisa Badum,https://www.facebook.com/99489241160
1236,Die Sächsische Union,https://www.facebook.com/242877865923318
1237,Uwe Feiler,https://www.facebook.com/108826898029
1238,Norbert Altenkamp,https://www.facebook.com/143012542927620
1239,Tessa Ganserer,https://www.facebook.com/2056406514397698
1240,SPD Saar,https://www.facebook.com/214065808453
1241,WMP EuroCom AG,https://www.facebook.com/104661651616620
1242,Daniel Föst,https://www.facebook.com/1026865247418194
1243,Dr. Holger Becker - Bundestagsabgeordneter,https://www.facebook.com/110509381187200
1244,Akte,https://www.facebook.com/256263064406822
1245,Mindener-Rundschau,https://www.facebook.com/169249176446925
1246,SPD Thüringen,https://www.facebook.com/87921510981
1247,The Voice of Germany,https://www.facebook.com/210882252268708
1248,Junge Union Baden-Württemberg,https://www.facebook.com/65034050744
1249,Panorama,https://www.facebook.com/268450883292589
1250,Jusos Bayern,https://www.facebook.com/117771744925163
1251,Junge Union Rheinland-Pfalz,https://www.facebook.com/198017997084
1252,Leben Leicht Gemacht SAT.1,https://www.facebook.com/352835338080871
1253,Qantara.de - Dialogue with the Islamic World,https://www.facebook.com/80408983549
1254,Wolfgang Kubicki,https://www.facebook.com/403531479663968
1255,Cem Özdemir,https://www.facebook.com/36379612880
1256,Philipp Raulfs,https://www.facebook.com/427636374261410
1257,Gero Hocker,https://www.facebook.com/994288540670647
1258,Amadeus,https://www.facebook.com/115433528523261
1259,Heike Heubach,https://www.facebook.com/106059551560463
1260,Yoti,https://www.facebook.com/360522237488365
1261,Albert Stegemann,https://www.facebook.com/1400602380214173
1262,Lars Klingbeil,https://www.facebook.com/355456486093
1263,Anikó Glogowski-Merten,https://www.facebook.com/1411545272501192
1264,Petra Pau,https://www.facebook.com/123471354915100
1265,Marcus Klein,https://www.facebook.com/144210292273711
1266,Jusos Niedersachsen,https://www.facebook.com/148209578562582
1267,Welthungerhilfe,https://www.facebook.com/263503200272
1268,Süderländer Volksfreund,https://www.facebook.com/168636683183974
1269,DIE LINKE. NRW,https://www.facebook.com/150480805043795
1270,CDU in Niedersachsen,https://www.facebook.com/109460782417586
1271,ITPRO,https://www.facebook.com/651176124905442
1272,Deutsche Polizeigewerkschaft Hamburg,https://www.facebook.com/730870336923312
1273,GRÜNE Niedersachsen,https://www.facebook.com/351947321504088
1274,Eine bessere Zukunft,https://www.facebook.com/1411449495610246
1275,"„The Thin Blue Line"" tribute cop-car Germany",https://www.facebook.com/1095894987190826
1276,DIE LINKE. Niedersachsen,https://www.facebook.com/194593423966954
1277,André Bock,https://www.facebook.com/308938222527099
1278,"Der Kinderschutzbund, Landesverband Niedersachsen e.V.",https://www.facebook.com/153212038221980
1279,Deutsche Polizeigewerkschaft Niedersachsen,https://www.facebook.com/733569296711685
1280,Ophelia Nick,https://www.facebook.com/629950074295425
1281,Intensivpflege,https://www.facebook.com/460047710697127
1282,Pluto TV,https://www.facebook.com/725784227757406
1283,Radio Frankfurt,https://www.facebook.com/136758419821220
1284,Burkard Dregger,https://www.facebook.com/744802515627357
1285,Sebastian Hartmann - SPD,https://www.facebook.com/337368156374937
1286,Katja Hessel,https://www.facebook.com/589834311205649
1287,Philipp Meyn,https://www.facebook.com/102883508974276
1288,Junge Liberale JuLis Bremen,https://www.facebook.com/126853010738506
1289,Angela Erwin,https://www.facebook.com/639205642921177
1290,Dr. Boris Weirauch MdL,https://www.facebook.com/1476093456033410
1291,Weilburger Tageblatt - mittelhessen.de,https://www.facebook.com/500414356702511
1292,Chris Kühn,https://www.facebook.com/106004311818566
1293,Bündnis Grundeinkommen,https://www.facebook.com/548285578684618
1294,Junge Alternative für Deutschland,https://www.facebook.com/109330799257463
1295,Metin Kaya,https://www.facebook.com/112106136998284
1296,Dirk Gaw,https://www.facebook.com/101023318291080
1297,Yanki Pürsün MdL,https://www.facebook.com/229389084462699
1298,AfD Sachsen,https://www.facebook.com/312639988865192
1299,Jan Hippold,https://www.facebook.com/2232920953697824
1300,Philine Sturzenbecher,https://www.facebook.com/103308451179185
1301,Daniel Münschke,https://www.facebook.com/385552031916959
1302,Willi Stächele,https://www.facebook.com/105792857960845
1303,Clemens Rostock,https://www.facebook.com/2364703873853039
1304,Jan-Wilhelm Pohlmann MdL,https://www.facebook.com/111816597962933
1305,Michael Ruhl MdL,https://www.facebook.com/795124693972012
1306,Tegernseer Zeitung,https://www.facebook.com/117974601625446
1307,Torsten Leveringhaus,https://www.facebook.com/1706061103016250
1308,"Stephan J. Reuken, MdL",https://www.facebook.com/1794573267490043
1309,Moritz Körner,https://www.facebook.com/448585188519271
1310,"Astrid Hennies, SPD Bürgerschaftsabgeordnete für Rahlstedt",https://www.facebook.com/273804366129797
1311,FDP/DVP-Fraktion im Landtag Baden-Württemberg,https://www.facebook.com/131458137929
1312,AfD Sachsen-Anhalt,https://www.facebook.com/363842953730453
1313,Deutsche Kommunistische Partei - DKP,https://www.facebook.com/649556381904437
1314,Heiner Garg,https://www.facebook.com/151956918202880
1315,Bundespolizei Karriere,https://www.facebook.com/577926568933937
1316,Dennis Radtke,https://www.facebook.com/265181710299993
1317,Grüne Jugend Niedersachsen,https://www.facebook.com/125048830890648
1318,"Tanja Hartdegen, MdL",https://www.facebook.com/109161301647224
1319,FDP Sachsen-Anhalt,https://www.facebook.com/194789640569324
1320,Alexander Bauer,https://www.facebook.com/105543896145566
1321,Fraktion DIE LINKE im Landtag von Sachsen-Anhalt,https://www.facebook.com/177137239037270
1322,Rasmus Vöge - CDU,https://www.facebook.com/110439764149511
1323,nnn.de - Nachrichten aus Rostock und Umgebung,https://www.facebook.com/138984159490667
1324,Carla Kniestedt,https://www.facebook.com/2032606863700920
1325,Rüdiger Kauroff,https://www.facebook.com/286580808456521
1326,"Turgut Yüksel, MdL",https://www.facebook.com/590370204340508
1327,Ivy Müller,https://www.facebook.com/112755416880365
1328,Monika Heinold,https://www.facebook.com/228485354236962
1329,SPD-Landtagsfraktion Saarland,https://www.facebook.com/113959368688613
1330,Julia Kahle-Hausmann,https://www.facebook.com/104687852015414
1331,Peter Blumenrath,https://www.facebook.com/113378804185854
1332,Hansjörg Schmidt,https://www.facebook.com/183537271670675
1333,Georg-Ludwig von Breitenbuch,https://www.facebook.com/445380536040850
1334,Umweltbundesamt,https://www.facebook.com/114651115215103
1335,Julian Brüning,https://www.facebook.com/1944079835806518
1336,"Dr. Volker Dringenberg, MdL",https://www.facebook.com/100344818133836
1337,Saskia Buschmann - MdL,https://www.facebook.com/100654759187332
1338,Silke Backsen,https://www.facebook.com/101366082474482
1339,Christine Streichert-Clivot,https://www.facebook.com/122074666171608
1340,Bundesministerium für wirtschaftliche Zusammenarbeit und Entwicklung (BMZ),https://www.facebook.com/192941487432989
1341,Oliver Lottke,https://www.facebook.com/253933471694431
1342,"Thomas von Gizycki, MdL",https://www.facebook.com/100337028213181
1343,Anke Fuchs-Dreisbach,https://www.facebook.com/102264388298455
1344,Ali Simsek,https://www.facebook.com/110976393745743
1345,"Ulf Prange, MdL",https://www.facebook.com/329563577110365
1346,Bundesamt für Migration und Flüchtlinge - BAMF,https://www.facebook.com/318902741555960
1347,Nico Bloem,https://www.facebook.com/103008729049252
1348,Julia Willie Hamburg,https://www.facebook.com/100726811808811
1349,Alexandra Geese,https://www.facebook.com/420347471838824
1350,Udo Stein,https://www.facebook.com/127793857598220
1351,Bernd Lange,https://www.facebook.com/481036608649886
1352,Sophie Ramdor,https://www.facebook.com/104416098836181
1353,Markus Herbrand - MdB,https://www.facebook.com/635651679840567
1354,Axel Knoerig,https://www.facebook.com/79647730686
1355,Südostbayerische Rundschau,https://www.facebook.com/552539491621757
1356,Caren Lay,https://www.facebook.com/668729169812570
1357,Mechthild Heil,https://www.facebook.com/216347025147950
1358,"Thomas Lutze, MdB",https://www.facebook.com/788750901189654
1359,Frank Rinck,https://www.facebook.com/104840074825135
1360,Franz Sodann,https://www.facebook.com/1482637431972478
1361,Tina Rudolph,https://www.facebook.com/432991297271811
1362,Junge Alternative Rheinland-Pfalz,https://www.facebook.com/1391127071114876
1363,Klimaliste Baden-Württemberg,https://www.facebook.com/112134150625060
1364,Danial Ilkhanipour,https://www.facebook.com/58289338794
1365,Carola Veit,https://www.facebook.com/52101870734
1366,CDU-Landtagsfraktion Baden-Württemberg,https://www.facebook.com/131575460224638
1367,Winsener Anzeiger,https://www.facebook.com/383486891699566
1368,"Hartmut Honka, MdL",https://www.facebook.com/1470407183278533
1369,FDP Baden-Württemberg,https://www.facebook.com/241400009229424
1370,Carsten Linnemann,https://www.facebook.com/322652114566677
1371,Krzysztof Walczak,https://www.facebook.com/329039423952230
1372,FDP Bremen,https://www.facebook.com/152934608113175
1373,Main-Post,https://www.facebook.com/264280692381
1374,Jusos Saar,https://www.facebook.com/110501198961505
1375,CDU-Fraktion im Landtag des Saarlandes,https://www.facebook.com/151949161505233
1376,Bernd Riexinger,https://www.facebook.com/151260125059312
1377,Jörg Nürnberger,https://www.facebook.com/219925261501036
1378,Katharina Fegebank,https://www.facebook.com/695894334099553
1379,CDU-Fraktion im Landtag Brandenburg,https://www.facebook.com/1516172942029028
1380,Tayfun Tok,https://www.facebook.com/102354958339974
1381,Nina Heidt-Sommer,https://www.facebook.com/108216375033525
1382,Bijan Kaffenberger,https://www.facebook.com/1848985438732460
1383,Dietmar Brockes,https://www.facebook.com/958478330869343
1384,"Sybilla Lena Nitsch, MdL",https://www.facebook.com/940956779368052
1385,Oliver Stirböck MdL,https://www.facebook.com/597845546916967
1386,Heide Scheuch-Paschkewitz,https://www.facebook.com/271651346596553
1387,Landesvertretung Baden-Württemberg,https://www.facebook.com/110912258987394
1388,Rüdiger Holschuh,https://www.facebook.com/148158242036693
1389,René Rock,https://www.facebook.com/555513111127034
1390,Wilko Möller MdL,https://www.facebook.com/169074500389093
1391,Lars Günther - AfD,https://www.facebook.com/970527929655126
1392,Anja Butschkau,https://www.facebook.com/620493278128163
1393,Birgit Butter MdL,https://www.facebook.com/100283719307799
1394,GRÜNE JUGEND Bremen,https://www.facebook.com/118442081574273
1395,Tilo Gundlack,https://www.facebook.com/458739227669379
1396,AfD-Fraktion im Landtag des Saarlandes,https://www.facebook.com/130629980818261
1397,Grüne Jugend Schleswig-Holstein,https://www.facebook.com/178790192154392
1398,Denny Möller,https://www.facebook.com/69404712263
1399,Grüne Jugend Mecklenburg-Vorpommern,https://www.facebook.com/199036293467407
1400,Christian Claussen,https://www.facebook.com/1604715416253928
1401,Junge Liberale JuLis Berlin,https://www.facebook.com/190961277588195
1402,Angela Dorn,https://www.facebook.com/107613810887084
1403,CDU-Fraktion im Thüringer Landtag,https://www.facebook.com/334931334040
1404,"Ansgar Schledde, MdL Niedersachsen",https://www.facebook.com/106256868072612
1405,Julius Schneider,https://www.facebook.com/108889598446303
1406,Markus Buchheit,https://www.facebook.com/303043247017496
1407,Thomas de Jesus Fernandes - AfD,https://www.facebook.com/1462631330665539
1408,Volt Deutschland,https://www.facebook.com/134209407129787
1409,"Bundesministerium für Familie, Senioren, Frauen und Jugend",https://www.facebook.com/511785248971976
1410,"Donata Vogtschmidt, MdL",https://www.facebook.com/101555707860725
1411,Dr. Monique Wölk,https://www.facebook.com/723506474518738
1412,Manne Lucha,https://www.facebook.com/102763253131232
1413,Ulrich Commerçon,https://www.facebook.com/248050045245644
1414,Michael Noetzel für Sie im Landtag,https://www.facebook.com/102916888028177
1415,Michael Meister AfD,https://www.facebook.com/102633274675470
1416,Aminata Touré,https://www.facebook.com/195919501132245
1417,Wiebke Osigus SPD,https://www.facebook.com/1418539434880486
1418,Nicolaus Fest,https://www.facebook.com/882642331769455
1419,Nezahat Baradari Mitglied des Deutschen Bundestages,https://www.facebook.com/572683579602491
1420,Sebastian Gemkow,https://www.facebook.com/123383409054308
1421,MENSCHLICHE WELT,https://www.facebook.com/245758938922923
1422,Stefanie Seemann MdL,https://www.facebook.com/1013336352060093
1423,Christin Melcher,https://www.facebook.com/2279815495375336
1424,Lutz Liebscher,https://www.facebook.com/2231266860218186
1425,Carina Hermann,https://www.facebook.com/101002842321118
1426,Franziska Schubert - Oberlausitzer Abgeordnete für Bündnis90/Die Grünen,https://www.facebook.com/111399792237720
1427,Alexander Wille MdL,https://www.facebook.com/101523089211678
1428,Holger Kühnlenz MdL Niedersachsen,https://www.facebook.com/110796981790780
1429,FDP Hamburg,https://www.facebook.com/189184071108491
1430,Anna Teresa Kavena,https://www.facebook.com/104908838709317
1431,Özlem Alev Demirel,https://www.facebook.com/602487899802568
1432,"Eva Viehoff, Bündnis 90 / Die Grünen",https://www.facebook.com/418951598163979
1433,Thorsten Moriße MdL,https://www.facebook.com/385701198467453
1434,Petra Berg,https://www.facebook.com/115993290323673
1435,Christine Schneider,https://www.facebook.com/833095643453687
1436,Simon Kuchinke,https://www.facebook.com/114961619941373
1437,Prof. Dr. Jörg Meuthen,https://www.facebook.com/554345401380836
1438,Silvia Gosewinkel,https://www.facebook.com/112805087153127
1439,Thomas Löser,https://www.facebook.com/245726615833103
1440,Hubertus Heil,https://www.facebook.com/63215533503
1441,Andreas Mattfeldt MdB,https://www.facebook.com/143788619738059
1442,Thore Stein - AfD,https://www.facebook.com/883428378658203
1443,Markus Hümpfer,https://www.facebook.com/176212056159223
1444,Jörg Hillmer,https://www.facebook.com/416084121771097
1445,AfD Mecklenburg-Vorpommern,https://www.facebook.com/513381125365479
1446,Dr. Ottilie Klein,https://www.facebook.com/105304064860165
1447,Ulf Thiele. Een van uns.,https://www.facebook.com/439401862783155
1448,JC Brockmann,https://www.facebook.com/241866536208347
1449,Christiane Schenderlein,https://www.facebook.com/101161605540611
1450,Markus Kurth MdB,https://www.facebook.com/100160987153482
1451,Eike Holsten,https://www.facebook.com/506457773034408
1452,Birte Glißmann,https://www.facebook.com/761387137359309
1453,Pascal Kober MdB,https://www.facebook.com/1913903912210913
1454,Christian Haase,https://www.facebook.com/620464327970113
1455,Guido Görtz,https://www.facebook.com/106730768308692
1456,Thomas Strobl,https://www.facebook.com/262986640427464
1457,Julia Retzlaff,https://www.facebook.com/108279541797256
1458,Albrecht Glaser,https://www.facebook.com/1695216187437098
1459,Daniel Freund,https://www.facebook.com/566872987051379
1460,Anke Domscheit-Berg,https://www.facebook.com/394450414220955
1461,Frederick Cordes,https://www.facebook.com/115018847027364
1462,Marika Tändler-Walenta,https://www.facebook.com/1444924829138014
1463,Dr. Edgar Franke,https://www.facebook.com/106694729500758
1464,Laura Hopmann MdL,https://www.facebook.com/303030400150594
1465,DIE LINKE. Hessen,https://www.facebook.com/558754197477014
1466,Meller Kreisblatt,https://www.facebook.com/464435460241253
1467,Christian Hirte,https://www.facebook.com/542605582431001
1468,Alexander Müller,https://www.facebook.com/228197331016786
1469,Trostberger Tagblatt,https://www.facebook.com/986594761452147
1470,Jusos Schleswig-Holstein,https://www.facebook.com/185490505413
1471,Robin Mesarosch,https://www.facebook.com/360048660677408
1472,Parsa Marvi,https://www.facebook.com/487909931261312
1473,Anna von Treuenfels-Frowein,https://www.facebook.com/832762216805769
1474,Ralph Lenkert,https://www.facebook.com/360115680671622
1475,Kristian Klinck - Bundestagsabgeordneter für den Wahlkreis Plön-Neumünster,https://www.facebook.com/101768168706677
1476,Marc Bernhard MdB,https://www.facebook.com/953370261352295
1477,Konstantin Kuhle,https://www.facebook.com/621835661198523
1478,Gerrit Huy,https://www.facebook.com/113906227738034
1479,Dr. André Hahn,https://www.facebook.com/456335667806925
1480,Sven-Christian Kindler,https://www.facebook.com/51181425698
1481,"Stefan Keuter, MdB",https://www.facebook.com/127627877837359
1482,Christian Görke,https://www.facebook.com/202117839972828
1483,"Stephan Pilsinger, MdB",https://www.facebook.com/1299185570141113
1484,Nicole Höchst,https://www.facebook.com/200054723727357
1485,Martin Plum,https://www.facebook.com/104058955218305
1486,Achim Post,https://www.facebook.com/275065419228117
1487,Norbert Kleinwächter,https://www.facebook.com/346613215704870
1488,Frank Schäffler,https://www.facebook.com/284882801581896
1489,Nils Schmid,https://www.facebook.com/170951649104
1490,Jan Metzler,https://www.facebook.com/382418695453810
1491,Gabriele Katzmarek,https://www.facebook.com/315850548515268
1492,Dorothee Martin,https://www.facebook.com/169373009772164
1493,Alois Rainer,https://www.facebook.com/516782058376475
1494,Philipp Hartewig,https://www.facebook.com/720838084733674
1495,"Gerold Otten, MdB",https://www.facebook.com/293462724395793
1496,Sepp Müller,https://www.facebook.com/152650658523697
1497,Josef Oster,https://www.facebook.com/1862755217333823
1498,Anja Karliczek,https://www.facebook.com/327862874003443
1499,Kerstin Radomski,https://www.facebook.com/55254653725
1500,Martin Kröber,https://www.facebook.com/117934986793217
1501,Steffen Kotré,https://www.facebook.com/1310772865717843
1502,"Gabi Schmidt, MdL",https://www.facebook.com/305464959848683
1503,Günter Rudolph,https://www.facebook.com/523541391032477
1504,Visite,https://www.facebook.com/395647370461038
1505,Thomas Heilmann,https://www.facebook.com/1014057301965054
1506,Markus Koob - Bundestagsabgeordneter für Hochtaunus und Oberlahn,https://www.facebook.com/317917298338162
1507,"Eugen Schmidt, MdB",https://www.facebook.com/106555315128607
1508,Axel Schäfer,https://www.facebook.com/643840382338092
1509,BÜNDNIS 90/DIE GRÜNEN Hessen,https://www.facebook.com/22865297210
1510,linksjugend ['solid] Sachsen,https://www.facebook.com/80241282114
1511,"Anke Hennig, SPD",https://www.facebook.com/105301888296501
1512,DIE LINKE. Rheinland-Pfalz,https://www.facebook.com/154654377881669
1513,SPD-Landtagsfraktion NRW,https://www.facebook.com/191016130947369
1514,Salzgitter-Zeitung,https://www.facebook.com/295598987168002
1515,NECKAR-CHRONIK,https://www.facebook.com/133990420049554
1516,Werra-Rundschau,https://www.facebook.com/101072673300448
1517,Jusos Sachsen-Anhalt,https://www.facebook.com/194061197365463
1518,Ärzte Zeitung,https://www.facebook.com/221290397993992
1519,Klara Schedlich,https://www.facebook.com/100176655653827
1520,Saarland Staatskanzlei,https://www.facebook.com/208282072530799
1521,"Ernst Weidenbusch, MdL",https://www.facebook.com/1941556326102495
1522,Sven Heinemann MdA,https://www.facebook.com/224410304422069
1523,Ebersberger Zeitung,https://www.facebook.com/181049328619972
1524,Ministerium für Justiz und Gesundheit,https://www.facebook.com/103941461383749
1525,Petra Hoegl,https://www.facebook.com/1954823081515173
1526,Sascha Müller,https://www.facebook.com/100648738917044
1527,FDP Schleswig-Holstein,https://www.facebook.com/164131966966839
1528,AfD Bayern,https://www.facebook.com/345598788891061
1529,Junge Alternative Mecklenburg-Vorpommern,https://www.facebook.com/223637124480349
1530,SPD-Fraktion Berlin,https://www.facebook.com/289133734441736
1531,Bernhard Herrmann - MdB,https://www.facebook.com/103816481985629
1532,Björn Fecker,https://www.facebook.com/800441246667999
1533,Kornwestheimer Zeitung,https://www.facebook.com/741722209249605
1534,Carolina Trautner,https://www.facebook.com/109578380755058
1535,Olaf Lehne,https://www.facebook.com/1388021057935583
1536,"Sächsisches Staatsministerium für Wirtschaft, Arbeit und Verkehr",https://www.facebook.com/472656702821183
1537,Ludwig Hartmann,https://www.facebook.com/1731781957148285
1538,AfD Thüringen,https://www.facebook.com/166760213476486
1539,"Hans Herold, MdL",https://www.facebook.com/116416958470200
1540,Alsfelder Allgemeine Zeitung,https://www.facebook.com/169528306498146
1541,Dr. Matthias Miller,https://www.facebook.com/100681185140066
1542,Klaus Hoher,https://www.facebook.com/1009387905838598
1543,Christian Gehring,https://www.facebook.com/106609044453522
1544,Claudia Weiss - AfD,https://www.facebook.com/104663108101018
1545,Adam Balten,https://www.facebook.com/499509143245867
1546,Schwäbische Sigmaringen,https://www.facebook.com/120009651385369
1547,Louis Krüger,https://www.facebook.com/105896461575222
1548,Florian Bilic,https://www.facebook.com/101162925090730
1549,Schleswig-Holstein.de,https://www.facebook.com/38128729372
1550,"Sandro Kirchner, MdL",https://www.facebook.com/568291276555268
1551,Dorstener Zeitung,https://www.facebook.com/157528957638405
1552,Elisabeth Winkelmeier-Becker,https://www.facebook.com/121895396276
1553,Robin Jünger,https://www.facebook.com/382197001649233
1554,ZEITmagazin,https://www.facebook.com/327602816926
1555,Kurt Klaus Kleinschmidt,https://www.facebook.com/108935491602113
1556,Stefan Henze,https://www.facebook.com/1776193142691572
1557,Alexander Arpaschi,https://www.facebook.com/100852498695391
1558,Truels Reichardt,https://www.facebook.com/111179135138917
1559,Johannes Rothenberger,https://www.facebook.com/470703096129370
1560,Radio Dreyeckland,https://www.facebook.com/166899690032151
1561,Oliver Hildenbrand,https://www.facebook.com/106054474731777
1562,Bernhard Braun,https://www.facebook.com/710894025774211
1563,Ellen Stock,https://www.facebook.com/878188505641086
1564,"Marco Weber, MdL",https://www.facebook.com/867613930012858
1565,Karin Tschernich-Weiske CDU,https://www.facebook.com/107159188102976
1566,"Elrid Pasbrig, SPD",https://www.facebook.com/101246131791795
1567,Daniel Sturm,https://www.facebook.com/100101521934058
1568,Ulrich Siegmund,https://www.facebook.com/425068607950031
1569,Felix Herkens MdL,https://www.facebook.com/103699608173131
1570,"Lisa-Marie Jeckel, MdL",https://www.facebook.com/103003268003181
1571,Anne Helm,https://www.facebook.com/146882712139241
1572,Ralf Schwarzkopf,https://www.facebook.com/108737548215860
1573,Thomas Okos,https://www.facebook.com/104047595456650
1574,"Ministerium für Arbeit, Gesundheit und Soziales",https://www.facebook.com/214781141879238
1575,Dr. Katja Pähle,https://www.facebook.com/138112789854778
1576,Ina Scharrenbach,https://www.facebook.com/111977807084208
1577,Gabi Rolland,https://www.facebook.com/1007871102569854
1578,Olaf Meister,https://www.facebook.com/557572220981649
1579,Rüdiger Klos MdL,https://www.facebook.com/416317708701922
1580,Daniel Karrais MdL,https://www.facebook.com/257219315029283
1581,Corinna Miazga,https://www.facebook.com/1720472504912063
1582,Jochen Ott,https://www.facebook.com/258921134303986
1583,Herforder Kreisblatt,https://www.facebook.com/940132709709617
1584,Leben & Genießen,https://www.facebook.com/175685132455134
1585,David Preisendanz,https://www.facebook.com/422706807582445
1586,Angela Rudzka AfD,https://www.facebook.com/428993047494981
1587,Christian Lindner,https://www.facebook.com/143504445664134
1588,Olaf Hilmer,https://www.facebook.com/529007173625304
1589,Franz Josef Pschierer,https://www.facebook.com/312862592077144
1590,Michael Simon,https://www.facebook.com/101800035102488
1591,"Senatsverwaltung für Bildung, Jugend und Familie",https://www.facebook.com/299439520108228
1592,Friedrich Merz,https://www.facebook.com/351110122328707
1593,Illertisser Zeitung,https://www.facebook.com/186346218083709
1594,"Bayerisches Staatsministerium für Wirtschaft, Landesentwicklung und Energie",https://www.facebook.com/115739536523104
1595,Anton Baron MdL,https://www.facebook.com/251626411839434
1596,Cornelia Willius-Senzer,https://www.facebook.com/962295827183500
1597,Heike Wermer,https://www.facebook.com/1844267995803261
1598,Niklas Nüssle,https://www.facebook.com/101650751797905
1599,Nicole Hess - AfD,https://www.facebook.com/170072752854503
1600,Astrid Vogelheim,https://www.facebook.com/589943128337806
1601,Britta Oellers,https://www.facebook.com/398964613782838
1602,Andre Baumann,https://www.facebook.com/102869168235365
1603,Sascha van Beek,https://www.facebook.com/103790851639172
1604,Lukas Rehm,https://www.facebook.com/107415308304985
1605,Christine Lambrecht,https://www.facebook.com/176599482452270
1606,Thomas Kreuzer,https://www.facebook.com/639251752761316
1607,MdB Sören Pellmann,https://www.facebook.com/186128571494326
1608,Henning Rehbaum Bundestagsabgeordneter CDU,https://www.facebook.com/702425789960118
1609,Jens Teutrine,https://www.facebook.com/111127507727233
1610,Frank Balzer,https://www.facebook.com/101306745479644
1611,Christoph Maier,https://www.facebook.com/1832322780330187
1612,Hermann-Josef Tebroke,https://www.facebook.com/204906209558507
1613,Cansu Özdemir,https://www.facebook.com/305500089535952
1614,Ruben Rupp MdL,https://www.facebook.com/209357019580202
1615,Achim Köhler - AfD,https://www.facebook.com/231623593963445
1616,Christian Douglas MdB,https://www.facebook.com/566565999867138
1617,Jörg Cezanne,https://www.facebook.com/1725054877786065
1618,Prof. Dr. Daniel Zerbin,https://www.facebook.com/105537535529897
1619,"ENERGY Berlin 103,4",https://www.facebook.com/198713015380
1620,Julia Schneider,https://www.facebook.com/105294631676929
1621,Thomas Dietz,https://www.facebook.com/884449145268469
1622,"Mathias Wagner, MdL",https://www.facebook.com/254070775152297
1623,Erwin Köhler,https://www.facebook.com/114649733638312
1624,Knuth Meyer-Soltau,https://www.facebook.com/103444387973323
1625,Johannes Wiegelmann,https://www.facebook.com/100659678605980
1626,Frank Bommersbach,https://www.facebook.com/101697258409259
1627,Hülya Düber,https://www.facebook.com/429322860265139
1628,Bastian Ernst,https://www.facebook.com/1683733055193188
1629,Prof. Dr. Gerhard Trabert,https://www.facebook.com/101727948799146
1630,Amnesty International Austria,https://www.facebook.com/30925241455
1631,red.tv,https://www.facebook.com/133997546665587
1632,Bogener Zeitung,https://www.facebook.com/264159033659803
1633,LAND.SCHAFFT.WERTE,https://www.facebook.com/1200588670058774
1634,Kai Wargalla,https://www.facebook.com/842504502479333
1635,Andreas Geisel,https://www.facebook.com/257469054300928
1636,Rosa Domm,https://www.facebook.com/102812677886759
1637,Alexander Graf Lambsdorff,https://www.facebook.com/519398914740380
1638,Walter Taubeneder,https://www.facebook.com/343089325847478
1639,Dr. Ludwig Spaenle,https://www.facebook.com/197503904247992
1640,Hubert Aiwanger Minister Bundesvors. Freie Wähler,https://www.facebook.com/158888744130107
1641,Sebastian Steineke,https://www.facebook.com/139085289609798
1642,Boris Pistorius,https://www.facebook.com/1559421730752327
1643,"Klaus Stöber, MdB",https://www.facebook.com/182076932294185
1644,AfD NRW,https://www.facebook.com/459077044164282
1645,"Max Landero, MdA",https://www.facebook.com/292727027743301
1646,Freilassinger Anzeiger,https://www.facebook.com/664386943719684
1647,Bayerisches Staatsministerium für Gesundheit und Pflege,https://www.facebook.com/572946872759259
1648,Mustafa Güngör,https://www.facebook.com/101793529895816
1649,Arif Tasdelen,https://www.facebook.com/247561735662222
1650,Tabea Rößner MdB,https://www.facebook.com/100692671696057
1651,Lena Werner,https://www.facebook.com/110004534560226
1652,"Dr. Peter Bauer, MdL, Frankensprecher",https://www.facebook.com/114262661934086
1653,Dingolfinger Anzeiger,https://www.facebook.com/291219087610231
1654,Hermann Gröhe,https://www.facebook.com/84534791408
1655,Jette Waldinger-Thiering,https://www.facebook.com/976290752475666
1656,AfD Saarland,https://www.facebook.com/1389842358009237
1657,Ronald Gläser,https://www.facebook.com/299463247151487
1658,Ansgar Heveling,https://www.facebook.com/158429857667868
1659,Björn Meyer,https://www.facebook.com/110919501422514
1660,WISO,https://www.facebook.com/54402378858
1661,Radio RFM,https://www.facebook.com/144704272244255
1662,Thomas Hentschel MdL,https://www.facebook.com/103253941476675
1663,Alexander Schweitzer,https://www.facebook.com/399304043507930
1664,RAN1,https://www.facebook.com/300933943321480
1665,Jouwatch,https://www.facebook.com/113579243518908
1666,Dr. Martin Vincentz,https://www.facebook.com/1708676965914877
1667,Junge Liberale JuLis Hessen,https://www.facebook.com/279637372134421
1668,Sebastian Ehlers,https://www.facebook.com/1557427027906589
1669,BVB / Freie Wähler - Fraktion im Landtag Brandenburg,https://www.facebook.com/531504136955879
1670,"Nadine Koppehel, MdL",https://www.facebook.com/102855072178597
1671,Bündnis 90/Die Grünen Kreis Borken,https://www.facebook.com/55731517422
1672,Dr. Carolin Wagner,https://www.facebook.com/101910071704104
1673,AZ-Online,https://www.facebook.com/428840365229
1674,Altenaer Kreisblatt,https://www.facebook.com/222166447867644
1675,Gereon Bollmann,https://www.facebook.com/134852682088601
1676,Clara Bünger,https://www.facebook.com/103557738639165
1677,Gießener Anzeiger,https://www.facebook.com/223879314297258
1678,Nico Tippelt MdB,https://www.facebook.com/101310414002
1679,DNN Dresdner Neueste Nachrichten,https://www.facebook.com/106149589427609
1680,"bnn.de / Baden-Baden, Rastatt, Gaggenau, Murgtal",https://www.facebook.com/197480043786625
1681,Tobias Vogt,https://www.facebook.com/112801723850050
1682,Hannes Walter,https://www.facebook.com/405133569817584
1683,Armin Schwarz,https://www.facebook.com/503396569702880
1684,Christian Flisek,https://www.facebook.com/342721372735407
1685,Ulrich Lechte,https://www.facebook.com/259242574566478
1686,Dr. Gunnar Schellenberger,https://www.facebook.com/516636935144456
1687,Katalin Gennburg,https://www.facebook.com/976441475766481
1688,Bergedorfer Zeitung,https://www.facebook.com/124178184308188
1689,Christian Dürr,https://www.facebook.com/1797023703896597
1690,René Bochmann,https://www.facebook.com/108300184853403
1691,Andreas Winhart MdL,https://www.facebook.com/587921848027213
1692,Lars Rauchfuß,https://www.facebook.com/104202831541588
1693,TV Total,https://www.facebook.com/10250319811
1694,RADIO WMW,https://www.facebook.com/180972365263158
1695,Jan Feser,https://www.facebook.com/530078343516405
1696,Hurriyet.com.tr,https://www.facebook.com/233408450693
1697,Jens Behrens,https://www.facebook.com/108554094998549
1698,Stefan Schröder,https://www.facebook.com/1848545602103863
1699,Radio K.W.,https://www.facebook.com/206399197324
1700,"Радио Голос Берлина/Radio Golos Berlina 97,2 FM",https://www.facebook.com/384275901751948
1701,Johann Martel,https://www.facebook.com/102131465254424
1702,Kristina Herbst,https://www.facebook.com/354836947893109
1703,Josef Rief,https://www.facebook.com/383840958337134
1704,MDR Garten,https://www.facebook.com/1462977473995710
1705,Maximilian Kneller,https://www.facebook.com/106509068368073
1706,Georg Günther,https://www.facebook.com/113491717498704
1707,Wilhelm Gebhard,https://www.facebook.com/110949757892446
1708,Marco Böhme,https://www.facebook.com/474975982635074
1709,Marc Zimmermann,https://www.facebook.com/100105772506417
1710,Violetta Bock,https://www.facebook.com/2112112652346132
1711,Sky News,https://www.facebook.com/164665060214766
1712,Sandro Kappe,https://www.facebook.com/1525137770859597
1713,Denise Loop,https://www.facebook.com/110327218044857
1714,Hauke Finger,https://www.facebook.com/103698821876707
1715,Ellen Demuth MdL,https://www.facebook.com/447208625479562
1716,Rainer Galla AfD Oder-Spree,https://www.facebook.com/491473130722756
1717,Jürgen Koegel,https://www.facebook.com/1066403300073447
1718,Claudia Tausend,https://www.facebook.com/502163379819352
1719,Norbert Knopf,https://www.facebook.com/100652401874350
1720,Armin Grau MdB,https://www.facebook.com/111441231206649
1721,Luigi Pantisano,https://www.facebook.com/108924240646237
1722,DAZN,https://www.facebook.com/1536180393355103
1723,Eurosport Deutschland,https://www.facebook.com/643439645726797
1724,Carsten Sieling,https://www.facebook.com/153070058235940
1725,Detlef Seif MdB,https://www.facebook.com/106000407931349
1726,Lars Schieske,https://www.facebook.com/102857079082375
1727,Catherine Kern,https://www.facebook.com/1224342004311037
1728,"Bengt Bergt, MdB",https://www.facebook.com/102717265242302
1729,"Lars Haise, AfD",https://www.facebook.com/100135625578845
1730,Janina Böttger,https://www.facebook.com/101321522040107
1731,Alexander Vogt,https://www.facebook.com/636322899778645
1732,Sabine Weiss,https://www.facebook.com/263526990446424
1733,Gülistan Yüksel - Mitglied des Bundestages,https://www.facebook.com/346662715427037
1734,Dr. Bernd Baumann,https://www.facebook.com/1679743389020111
1735,Gmünder Tagespost,https://www.facebook.com/103304579745256
1736,OVB Heimatzeitungen,https://www.facebook.com/168469569924859
1737,Deutsche Bundesbank,https://www.facebook.com/575560019207168
1738,Volker Ullrich,https://www.facebook.com/249601011844044
1739,Bocholter-Borkener Volksblatt,https://www.facebook.com/174416185923786
1740,Höchster Kreisblatt,https://www.facebook.com/764090397021294
1741,"Verena Osgyan, MdL",https://www.facebook.com/466094980148463
1742,Jens Zimmermann,https://www.facebook.com/315208841871484
1743,Niklas Wagener,https://www.facebook.com/103255548236109
1744,HNA Rotenburg/Bebra,https://www.facebook.com/111182982315126
1745,Günzburger Zeitung,https://www.facebook.com/460661580620265
1746,Katrin Schindele,https://www.facebook.com/104646291366306
1747,Klaus Adelt,https://www.facebook.com/348252058621412
1748,HNA Hann. Münden,https://www.facebook.com/113483202087421
1749,HarzKurier,https://www.facebook.com/203722476333550
1750,Zacharias Schalley MdL,https://www.facebook.com/114817603494689
1751,Sächsisches Staatsministerium der Finanzen,https://www.facebook.com/111044023576072
1752,Helmut Radlmeier,https://www.facebook.com/174154032971358
1753,Felix Schreiner,https://www.facebook.com/137019056359309
1754,Ariturel Hack,https://www.facebook.com/102386281965003
1755,Kathrin Vogler,https://www.facebook.com/563753786980536
1756,Die PARTEI,https://www.facebook.com/104958082873562
1757,Patricia Lips,https://www.facebook.com/438460039847259
1758,Jürgen Baumgärtner,https://www.facebook.com/415451491875178
1759,DigitalesHessen,https://www.facebook.com/2487875461225990
1760,Freistaat Thüringen,https://www.facebook.com/423363177747071
1761,Katrin Uhlig,https://www.facebook.com/101269598848281
1762,Christina Osei,https://www.facebook.com/607801219381282
1763,Juliane Kleemann,https://www.facebook.com/105129234203981
1764,"Christof Reichert, MdL",https://www.facebook.com/1960970494149987
1765,Rainer Schmeltzer,https://www.facebook.com/1867262976852251
1766,Cannstatter und Untertürkheimer Zeitung,https://www.facebook.com/807856775990838
1767,Johannes Schraps,https://www.facebook.com/1176771325755239
1768,Isselburg Live,https://www.facebook.com/128681600508980
1769,Radio Rur,https://www.facebook.com/102393996487753
1770,Radio Berg,https://www.facebook.com/149256981759007
1771,Hauptstadt.TV,https://www.facebook.com/128947300453004
1772,Die Heimat,https://www.facebook.com/268232929583
1773,Radio LOHRO 90.2 MHz,https://www.facebook.com/116704098404654
1774,MC TV,https://www.facebook.com/119308325866
1775,Patrick Schnieder,https://www.facebook.com/511399752215114
1776,Miguel Klauß MdL,https://www.facebook.com/105244268340116
1777,IDEA,https://www.facebook.com/115289888499354
1778,HAMBURG ZWEI,https://www.facebook.com/277110679127167
1779,InPulz - Magazin & Radio,https://www.facebook.com/672857386129819
1780,iSTUFF,https://www.facebook.com/184677278090
1781,Landtagsfraktion BÜNDNIS 90/DIE GRÜNEN Mecklenburg-Vorpommern,https://www.facebook.com/182018511878217
1782,Heidenau TV,https://www.facebook.com/973327382719208
1783,HNA Hofgeismar,https://www.facebook.com/1428945827321728
1784,Metropol FM,https://www.facebook.com/244644331234
1785,BSW Berlin,https://www.facebook.com/378557475333861
1786,LizzyNet,https://www.facebook.com/112333915452144
1787,Schlagerplanet Radio,https://www.facebook.com/1583699331937121
1788,News-Stadt,https://www.facebook.com/538501263341113
1789,Rennsteig TV,https://www.facebook.com/214151311959580
1790,Salve TV,https://www.facebook.com/360295247339783
1791,Harz Kurier,https://www.facebook.com/374911879281154
1792,Nienburg-Online,https://www.facebook.com/332017546856178
1793,Silverline TV,https://www.facebook.com/459117027432540
1794,Beobachter Online,https://www.facebook.com/137554522972059
1795,Kabeljournal,https://www.facebook.com/566440246720458
1796,RADIO BOB!,https://www.facebook.com/85677308648
1797,Saaleinfokanal,https://www.facebook.com/534762196591739
1798,Radiopark,https://www.facebook.com/748160982008622
1799,GEO Television,https://www.facebook.com/246920592454499
1800,Boomerang TV,https://www.facebook.com/123290175255
1801,Robert Habeck,https://www.facebook.com/460370383826099
1802,"Radio 90,1 Mönchengladbach",https://www.facebook.com/162749403758283
1803,teltOwkanal - Regionales Fernsehen,https://www.facebook.com/204758599536686
1804,sixx,https://www.facebook.com/124577130886108
1805,ProSieben FUN,https://www.facebook.com/172356486165951
1806,RiC TV,https://www.facebook.com/429930380377942
1807,Wismar TV,https://www.facebook.com/173286722800741
1808,Bergischer Volksbote,https://www.facebook.com/134383276618317
1809,Südhessen Morgen,https://www.facebook.com/313873331990389
1810,Alexander Ulrich,https://www.facebook.com/429453317234909
1811,Ruppiner Anzeiger,https://www.facebook.com/1442078036012577
1812,VOGTLAND RADIO,https://www.facebook.com/405613896154349
1813,Thüringen24,https://www.facebook.com/1522572338042551
1814,Wissen2go,https://www.facebook.com/377866372293036
1815,Alb Bote - Südwest Presse,https://www.facebook.com/389808227767019
1816,Annette Widmann-Mauz,https://www.facebook.com/314677355299127
1817,Bremervörder Zeitung,https://www.facebook.com/123328827740050
1818,Benjamin Miskowitsch,https://www.facebook.com/172046250105103
1819,Svenja Stadler,https://www.facebook.com/340332092731147
1820,Sozialministerium Sachsen,https://www.facebook.com/267322606666166
1821,Haller Kreisblatt,https://www.facebook.com/119776668060426
1822,Alexander Throm,https://www.facebook.com/1698700087037237
1823,Einbecker Morgenpost,https://www.facebook.com/125165424208192
1824,Max Deisenhofer,https://www.facebook.com/292772341539835
1825,Yvonne Averwerser,https://www.facebook.com/379150865981967
1826,Adis Ahmetovic,https://www.facebook.com/113462377450395
1827,Petra Häffner,https://www.facebook.com/103503651556461
1828,WUMMS,https://www.facebook.com/1419815391610744
1829,Radio Gütersloh,https://www.facebook.com/289793896758
1830,Desiderius-Erasmus-Stiftung,https://www.facebook.com/210691026160041
1831,Alexander Hold,https://www.facebook.com/738902382819206
1832,Lena Teschlade,https://www.facebook.com/109427674936495
1833,Christin Siebel,https://www.facebook.com/101032405732634
1834,Christian Baldauf,https://www.facebook.com/301485916628595
1835,Barbara Saebel,https://www.facebook.com/769272409845211
1836,Thomas Krüger,https://www.facebook.com/100230598554786
1837,Lena Zingsheim-Zobel MdL,https://www.facebook.com/284668335211425
1838,Oliver Krischer,https://www.facebook.com/341816569252157
1839,Wolfgang Aldag,https://www.facebook.com/277651445722136
1840,Katrin Rehak-Nitsche,https://www.facebook.com/827247530799079
1841,Jutta Niemann,https://www.facebook.com/1626844190890551
1842,August Schuler,https://www.facebook.com/414758458713764
1843,Fritz,https://www.facebook.com/28245726690
1844,Bergische Morgenpost,https://www.facebook.com/307920532715027
1845,Power Radio,https://www.facebook.com/146888782007569
1846,Jan Schiffers,https://www.facebook.com/1374415119313069
1847,Bremen Eins,https://www.facebook.com/136888059707997
1848,NOXX radio,https://www.facebook.com/128186369438671
1849,Kulturmd - Stadtfernsehen aus Magdeburg,https://www.facebook.com/412699298754933
1850,Radio Leverkusen,https://www.facebook.com/154605421216198
1851,MDF.1,https://www.facebook.com/106467178151224
1852,Radio Erzgebirge - Wir lieben das Erzgebirge,https://www.facebook.com/141261872579704
1853,BS-Live,https://www.facebook.com/146519862042076
1854,Hope Channel,https://www.facebook.com/133111463395645
1855,BSW Niedersachsen,https://www.facebook.com/320113161194855
1856,Radio Westfalica,https://www.facebook.com/194501263927263
1857,99drei Radio Mittweida,https://www.facebook.com/164037296979117
1858,HGTV Deutschland,https://www.facebook.com/324048725085627
1859,Juwelo Deutschland,https://www.facebook.com/148003338949938
1860,Karrierebibel,https://www.facebook.com/106107182757291
1861,radio TOP 40,https://www.facebook.com/130566906984770
1862,Rockland Radio,https://www.facebook.com/245061970253
1863,NITRO,https://www.facebook.com/306829742705778
1864,Ovonline,https://www.facebook.com/104673227957905
1865,KraichgauTV,https://www.facebook.com/340936135984701
1866,BSW Sachsen-Anhalt,https://www.facebook.com/244663365404847
1867,Bündnis Sahra Wagenknecht BSW NRW,https://www.facebook.com/318383154701882
1868,NW Kreis Minden-Lübbecke,https://www.facebook.com/249253266414
1869,harburg-aktuell.de,https://www.facebook.com/113110835412599
1870,rheinmaintv,https://www.facebook.com/194672543900040
1871,LOZ-News,https://www.facebook.com/110080125733975
1872,Ulrich Maurer,https://www.facebook.com/63923652826
1873,Freitags-Anzeiger,https://www.facebook.com/299862646750235
1874,Maria Klein-Schmeink,https://www.facebook.com/350332685155921
1875,MWU Sachsen-Anhalt,https://www.facebook.com/193353297359726
1876,Radio Köln,https://www.facebook.com/109368472454049
1877,Barmstedter Zeitung,https://www.facebook.com/551646188206397
1878,Florian Oßner MdB,https://www.facebook.com/108161994841585
1879,Wolfgang Heubisch,https://www.facebook.com/187757708440378
1880,Radio Paloma,https://www.facebook.com/123139894369081
1881,RBW Regionalfernsehen,https://www.facebook.com/595504103840183
1882,105'5 Spreeradio,https://www.facebook.com/103927029333
1883,RTL Crime,https://www.facebook.com/1501034576891351
1884,Pink Channel Hamburg,https://www.facebook.com/383674621647705
1885,TELE 5,https://www.facebook.com/107540765962607
1886,Catarina dos Santos,https://www.facebook.com/102942371960657
1887,presseportal,https://www.facebook.com/52582409023
1888,STUGGI.TV,https://www.facebook.com/155399687887763
1889,Radio Darmstadt,https://www.facebook.com/198437760174281
1890,Michael Hüttner,https://www.facebook.com/549001132272858
1891,VMD.TV,https://www.facebook.com/110289150847054
1892,Dirk Vöpel MdB,https://www.facebook.com/108117007999531
1893,Martin Hahn,https://www.facebook.com/155763541100403
1894,Peter Ramsauer,https://www.facebook.com/111747124676
1895,René Schneider,https://www.facebook.com/1821249694778582
1896,ze.tt,https://www.facebook.com/1385370935126010
1897,RNF,https://www.facebook.com/140270490387
1898,Universal TV,https://www.facebook.com/188259754664985
1899,Zeitfokus,https://www.facebook.com/1379619102333207
1900,Zound1 MAX,https://www.facebook.com/107162391981129
1901,YOU FM,https://www.facebook.com/256073677175
1902,Xity Lokalnachrichten,https://www.facebook.com/586736411393280
1903,VDI-nachrichten.com,https://www.facebook.com/102880771103854
1904,Welle Niederrhein,https://www.facebook.com/182496793383
1905,Wermelskirchener General-Anzeiger,https://www.facebook.com/1649221502003040
1906,"Thüringer Ministerium für Bildung, Jugend und Sport",https://www.facebook.com/204191076644782
1907,Ulrich Singer,https://www.facebook.com/358514477967217
1908,SecondRadio,https://www.facebook.com/230838233639305
1909,Wikinews,https://www.facebook.com/425714140618984
1910,Carsten Borchert,https://www.facebook.com/183207312037005
1911,Bernhard Eisenhut MdL - AfD,https://www.facebook.com/100841868656288
1912,Thomas Staudt - MdL,https://www.facebook.com/108643874328747
1913,Ibrahim Yetim,https://www.facebook.com/1600328090229555
1914,"Matthias Büttner, MdL",https://www.facebook.com/1661086534146864
1915,Thomas Wansch MdL,https://www.facebook.com/543818092353321
1916,Dr. Lydia Hüskens,https://www.facebook.com/197462093600060
1917,Raimund Haser,https://www.facebook.com/1672341306387372
1918,Jens Nettekoven,https://www.facebook.com/194332547350050
1919,Rita Schwarzelühr-Sutter,https://www.facebook.com/356722457844832
1920,Siegfried Lorek,https://www.facebook.com/147031002000511
1921,Nadja Lüders MdL,https://www.facebook.com/749364901878805
1922,Frank Bonath MdL,https://www.facebook.com/295723717817367
1923,Martin Rivoir,https://www.facebook.com/1807246156166520
1924,Iris Nieland,https://www.facebook.com/1316482748388267
1925,Lars Rieger,https://www.facebook.com/103707724802932
1926,Alfred Bamberger MdL,https://www.facebook.com/109327631846383
1927,Martin Sträßer,https://www.facebook.com/279214645808006
1928,Antenne Koblenz,https://www.facebook.com/123108954445896
1929,CityRadio Homburg,https://www.facebook.com/181610098561344
1930,bremen NEXT,https://www.facebook.com/220835568049530
1931,Ayla Cataltepe,https://www.facebook.com/103795371579380
1932,Arnulf von Eyb,https://www.facebook.com/657494447794763
1933,Friedrich Haag,https://www.facebook.com/107779911151665
1934,Minister Sven Schulze,https://www.facebook.com/490906667766035
1935,Martin Metz MdL,https://www.facebook.com/437433146611863
1936,Bernd Krückel,https://www.facebook.com/214316812009310
1937,Klinik Info Kanal,https://www.facebook.com/100659911371147
1938,Ronja Kemmer,https://www.facebook.com/1569218743292563
1939,Ostseewelle HIT-RADIO Mecklenburg-Vorpommern,https://www.facebook.com/308139992325
1940,Silke Gericke,https://www.facebook.com/102275234855934
1941,hr3,https://www.facebook.com/6025824653
1942,Radio Blau,https://www.facebook.com/149299964171
1943,Radio VHR,https://www.facebook.com/365368540154566
1944,NRW Jusos,https://www.facebook.com/136778439720876
1945,N-News.de,https://www.facebook.com/169850856466932
1946,BLK Regional TV,https://www.facebook.com/153060364767044
1947,Derya Türk-Nachbaur,https://www.facebook.com/106689868088520
1948,Radio Herford,https://www.facebook.com/194134927279405
1949,Kreiszeitung Wesermarsch,https://www.facebook.com/151307821603495
1950,BSW Thüringen,https://www.facebook.com/167987703074146
1951,Radio Lausitz,https://www.facebook.com/144683585562435
1952,Kabel Eins Doku,https://www.facebook.com/596683383832334
1953,Strehla-TV,https://www.facebook.com/1219973594680333
1954,Radio WAF,https://www.facebook.com/135041153218323
1955,Mein Radio POS,https://www.facebook.com/471610159558874
1956,Radio Nordseewelle,https://www.facebook.com/301108126725731
1957,Oberberg-Aktuell - Internetzeitung für die Region.,https://www.facebook.com/186310228069029
1958,Radio Leipzig,https://www.facebook.com/140842782619372
1959,Radio Hagen,https://www.facebook.com/229027335945
1960,SAT.1 GOLD,https://www.facebook.com/547710081912041
1961,noa4 Fernsehen Norderstedt,https://www.facebook.com/163897730312308
1962,Romance TV,https://www.facebook.com/116915975034620
1963,RADIO OSTROCK,https://www.facebook.com/958090800956221
1964,RON TV,https://www.facebook.com/800078846808004
1965,Kehler Zeitung,https://www.facebook.com/1479497892322643
1966,Radio Bochum,https://www.facebook.com/230253430495
1967,Johannes Wagner,https://www.facebook.com/102419735008984
1968,reporter,https://www.facebook.com/1613685202193059
1969,Robin Wagener,https://www.facebook.com/350214655171362
1970,R.SA,https://www.facebook.com/141743009176603
1971,Radio Bamberg,https://www.facebook.com/104951204579
1972,LandesWelle Thüringen,https://www.facebook.com/100310136859
1973,Klassik Radio,https://www.facebook.com/480140325572
1974,General-Anzeiger,https://www.facebook.com/212302775481857
1975,Alexander Flierl - Mitglied des Bayerischen Landtags,https://www.facebook.com/457247344370557
1976,"Jürgen Braun, MdB",https://www.facebook.com/1889496344625839
1977,Fabian Jacobi MdB,https://www.facebook.com/383774081995085
1978,Flensborg Avis,https://www.facebook.com/134482406626639
1979,Karlheinz Busen,https://www.facebook.com/1609868125920282
1980,Senatsverwaltung für Kultur und Europa,https://www.facebook.com/247450562347746
1981,TGRT EU,https://www.facebook.com/1499925100273642
1982,Donau Post,https://www.facebook.com/237566866335908
1983,Ingo Schäfer,https://www.facebook.com/107404501444359
1984,Petra Nicolaisen,https://www.facebook.com/1968131173400411
1985,Angelika Glöckner,https://www.facebook.com/339735429489657
1986,Mario Czaja,https://www.facebook.com/341164211104
1987,bnn.de / Bruchsaler Rundschau - Brettener Nachrichten,https://www.facebook.com/256768231842666
1988,Wolfgang Hellmich,https://www.facebook.com/226774424126627
1989,MdB Boris Mijatovic,https://www.facebook.com/667357703437091
1990,Charlotte Quik MdL,https://www.facebook.com/114232550020048
1991,Westerwald-Wied TV,https://www.facebook.com/179946702015545
1992,Weserbergland-Nachrichten,https://www.facebook.com/244213692348271
1993,blabla.cafe,https://www.facebook.com/183265322132889
1994,TV Westsachsen,https://www.facebook.com/373852976122
1995,all-in.de - das Allgäu online.,https://www.facebook.com/162876563751431
1996,Alexander Bertram,https://www.facebook.com/114269282489787
1997,Peer Mock-Stümer,https://www.facebook.com/101161091964855
1998,June Tomiak,https://www.facebook.com/258186407896524
1999,Aldona Niemczyk,https://www.facebook.com/110767997771965
2000,Dr. Ersin Nas,https://www.facebook.com/228082177550589
2001,Daniel Artmann,https://www.facebook.com/193363584645707
2002,Dieter Arnold,https://www.facebook.com/107784212074221
2003,Rolf Wiedenhaupt AfD,https://www.facebook.com/106405485108312
2004,Ülker Radziwill,https://www.facebook.com/513601545361626
2005,Joe Chialo,https://www.facebook.com/105462431300420
2006,"Frank Luhmann,MdA",https://www.facebook.com/108543264603655
2007,Leo Dietz,https://www.facebook.com/206688602811943
2008,Daniel Scheen-Pauls,https://www.facebook.com/103968895497628
2009,Thorsten Schick,https://www.facebook.com/920290361402254
2010,Deutschlandfunk,https://www.facebook.com/162071333824181
2011,Tim Teßmann - Landtagsabgeordneter Sachsen-Anhalt,https://www.facebook.com/102823621801356
2012,Hans-Ulrich Rülke,https://www.facebook.com/104303913261902
2013,"Dirk Herber, MdL",https://www.facebook.com/431176823743592
2014,Thomas Lippmann,https://www.facebook.com/509246555932596
2015,Arndt Klocke,https://www.facebook.com/104823137857532
2016,Kabel Eins,https://www.facebook.com/114913028545424
2017,Baden TV,https://www.facebook.com/166542356736249
2018,Bauhaus.fm Weimar,https://www.facebook.com/339869012862343
2019,Aristo,https://www.facebook.com/626302644146850
2020,Bianca Winkelmann,https://www.facebook.com/1105871286150301
2021,BÜNDNIS DEUTSCHLAND,https://www.facebook.com/101011128446841
2022,isarrunde,https://www.facebook.com/147899587939
2023,Jochen Haußmann,https://www.facebook.com/182740325209270
2024,"Benedikt Oster, MdL",https://www.facebook.com/104968287600873
2025,HITRADIO RTL,https://www.facebook.com/269328883995
2026,Kanal Avrupa,https://www.facebook.com/1428327537470110
2027,Kalimbo,https://www.facebook.com/867678920026221
2028,Landesschau Baden-Württemberg,https://www.facebook.com/321247880231
2029,JOKE FM,https://www.facebook.com/508988132536672
2030,Alexander Salomon,https://www.facebook.com/186701964692894
2031,Simone Wendland,https://www.facebook.com/167587690422952
2032,Rudi Fischer MdL,https://www.facebook.com/115591249837325
2033,Johannes Zehfuß,https://www.facebook.com/1861733144053267
2034,Hendrik Streeck,https://www.facebook.com/564864730332507
2035,Ralf Stoltze,https://www.facebook.com/102628564775441
2036,NW Bünde,https://www.facebook.com/251450038577
2037,NRW1,https://www.facebook.com/100438905809026
2038,Radio Lippe,https://www.facebook.com/100644093346195
2039,Regio-aktuell24,https://www.facebook.com/128661940540519
2040,Bremen Zwei,https://www.facebook.com/169837909857
2041,Radio BHeins,https://www.facebook.com/430289490485075
2042,N24 Doku,https://www.facebook.com/1736352993306715
2043,reboot.fm,https://www.facebook.com/128451550516331
2044,Radio Unerhört Marburg,https://www.facebook.com/586157351442677
2045,Dr. Anna Rathert MdB,https://www.facebook.com/491958820672119
2046,Berliner Rundfunk 91.4,https://www.facebook.com/180327122009273
2047,SAT.1 emotions,https://www.facebook.com/123925901034071
2048,Radio Ennepe Ruhr,https://www.facebook.com/249409821613
2049,riesa-tv.de,https://www.facebook.com/135623043169193
2050,bigFM,https://www.facebook.com/50957555959
2051,Partei der Vernunft,https://www.facebook.com/111036808966258
2052,RTF.1 Regionalfernsehen,https://www.facebook.com/180064112057330
2053,Sport-Informations-Dienst (SID),https://www.facebook.com/116198238462319
2054,Testspiel.de,https://www.facebook.com/237243101919
2055,World Wide Wohnzimmer,https://www.facebook.com/171260209589542
2056,ROCKLAND,https://www.facebook.com/281561732337
2057,Welt der Wunder,https://www.facebook.com/98832439538
2058,TIMM,https://www.facebook.com/114109243370475
2059,Werdener Nachrichten,https://www.facebook.com/643955509453928
2060,teleschau der mediendienst,https://www.facebook.com/217446051603854
2061,Uetersener Nachrichten,https://www.facebook.com/253966104640755
2062,Antenne Pulheim,https://www.facebook.com/141881489332415
2063,Antenne AC,https://www.facebook.com/114751001881490
2064,Tegernseer Stimme,https://www.facebook.com/151782898173184
2065,TV Mittelrhein,https://www.facebook.com/114602161940288
2066,DCTP.TV,https://www.facebook.com/107798649296
2067,WDR 2,https://www.facebook.com/167378096628240
2068,Stadtreporter,https://www.facebook.com/773121099439793
2069,MyTVplus,https://www.facebook.com/1422882437952430
2070,MUXX.tv,https://www.facebook.com/1383569468549322
2071,Mit Vergnügen Berlin,https://www.facebook.com/111014592258335
2072,Reporter24,https://www.facebook.com/420428461637094
2073,CNN International,https://www.facebook.com/18793419640
2074,Avicenna-Studienwerk,https://www.facebook.com/437518916346677
2075,MiGAZIN,https://www.facebook.com/264691680187
2076,NerdStar.tv,https://www.facebook.com/162385513837547
2077,MTV Germany,https://www.facebook.com/92298091989
2078,Friedrich-Ebert-Stiftung,https://www.facebook.com/104683266866
2079,Mittelstand-Nachrichten.de,https://www.facebook.com/374145506566
2080,Browser Ballett,https://www.facebook.com/264573650600481
2081,Michael Biel,https://www.facebook.com/110801190816357
2082,ZDF,https://www.facebook.com/154149027994068
2083,Disney Channel,https://www.facebook.com/263870783641395
2084,apollo radio,https://www.facebook.com/196750337047910
2085,molo.news,https://www.facebook.com/194881134740593
2086,Animal Planet Deutschland,https://www.facebook.com/184354364939314
2087,bw family.tv,https://www.facebook.com/246919585363629
2088,antenne 1,https://www.facebook.com/130101127059182
2089,CARTA,https://www.facebook.com/75083724801
2090,BSW Bremen,https://www.facebook.com/409960712189889
2091,Bayernwelle SüdOst,https://www.facebook.com/117722468240125
2092,tv.berlin,https://www.facebook.com/148914201850730
2093,Dein HSK - Die App im Hochsauerlandkreis,https://www.facebook.com/226847994746024
2094,Deutschlandfunk Kultur,https://www.facebook.com/174552715889678
2095,dabei_tv,https://www.facebook.com/107841834237467
2096,Cartoon Network,https://www.facebook.com/127730181690
2097,Deutschlandfunk Nova,https://www.facebook.com/168791039831303
2098,WiR2020,https://www.facebook.com/100950158331714
2099,Freiheitsliebe,https://www.facebook.com/114196318625201
2100,EuroBalkan.TV,https://www.facebook.com/1127818187245195
2101,ERF Plus,https://www.facebook.com/159634484060548
2102,Lausitzwelle - Studio Elbe-Elster,https://www.facebook.com/104870726257706
2103,FDP im Landtag Mecklenburg-Vorpommern,https://www.facebook.com/104405938915868
2104,FDP-Fraktion Sachsen-Anhalt,https://www.facebook.com/112743324394800
2105,Jülicher Zeitung,https://www.facebook.com/276367565835487
2106,EANN Redaktion,https://www.facebook.com/222188867945776
2107,ExtremNews,https://www.facebook.com/140075269425518
2108,Discovery Channel Deutschland,https://www.facebook.com/109606245750701
2109,ENERGY Bremen,https://www.facebook.com/137613076639
2110,Deutschland3000,https://www.facebook.com/1672408719723194
2111,Radio BAYERN 3,https://www.facebook.com/138803576142459
2112,ELBEKANAL Schönebeck,https://www.facebook.com/206598492727469
2113,Evangelischer Pressedienst (epd),https://www.facebook.com/151343008235509
2114,ENERGY Stuttgart,https://www.facebook.com/205301567602
2115,egoFM,https://www.facebook.com/56753558529
2116,Bundesagentur für Arbeit,https://www.facebook.com/232874490208891
2117,Main Echo - Bote vom Untermain,https://www.facebook.com/287740451323398
2118,Netzfrauen,https://www.facebook.com/570444646301856
2119,"Carsten Träger, Mitglied des Bundestags SPD",https://www.facebook.com/568297056577159
2120,Warner TV Deutschland,https://www.facebook.com/139164538472
2121,Region Rostock News,https://www.facebook.com/357150720974504
2122,DELUXE MUSIC ®,https://www.facebook.com/74343704703
2123,Fix&Foxi TV,https://www.facebook.com/1728422864049861
2124,ANTENNE MÜNSTER,https://www.facebook.com/178250751550
2125,Stralsund TV - Ihr Fernsehen am Strelasund,https://www.facebook.com/167708159920649
2126,DONAU 3 FM,https://www.facebook.com/185733111771
2127,Männersache,https://www.facebook.com/1752801414965088
2128,Martin Stümpfig,https://www.facebook.com/140443376163779
2129,Comedy Central Deutschland,https://www.facebook.com/118681261520928
2130,Völklingen im Wandel - DIE Webseite über Völklingen,https://www.facebook.com/155042397847183
2131,Muldental TV GmbH,https://www.facebook.com/168493129869878
2132,Crime+Investigation,https://www.facebook.com/669266156446028
2133,Radio ENERGY Hamburg 97.1,https://www.facebook.com/92962384083
2134,SkySportF1,https://www.facebook.com/466059360117400
2135,Torgau-Tv,https://www.facebook.com/192763980746745
2136,DIE NEUE 107.7,https://www.facebook.com/136605269698368
2137,SWR1 Baden-Württemberg,https://www.facebook.com/110822228975446
2138,Taeglich.ME,https://www.facebook.com/530583767068660
2139,LAND &  FORST,https://www.facebook.com/145996705462374
2140,WUNDERWEIB,https://www.facebook.com/115113523707
2141,Emsland Presse,https://www.facebook.com/410966632277009
2142,EDGEsport,https://www.facebook.com/396692633772345
2143,Harald Ebner,https://www.facebook.com/95123288681
2144,Claudia Köhler,https://www.facebook.com/1980777085498727
2145,Nadja Sthamer,https://www.facebook.com/105987068154008
2146,Melis Sekmen,https://www.facebook.com/324033755704681
2147,Sebastian Walter,https://www.facebook.com/106280008394260
2148,Thales,https://www.facebook.com/90360089919
2149,Emmi Zeulner,https://www.facebook.com/146147165545321
2150,Johannes Vogel,https://www.facebook.com/486203081469505
2151,Die Oberbadische - Markgräfler Tagblatt - Weiler Zeitung,https://www.facebook.com/457142317657162
2152,"Ministerium für Wissenschaft, Forschung und Kultur",https://www.facebook.com/212902435395690
2153,NW Kreis Gütersloh,https://www.facebook.com/272904670468
2154,Armand Zorn,https://www.facebook.com/102203798533728
2155,Sandra Bubendorfer-Licht MdB,https://www.facebook.com/427823900665329
2156,Gerhard Waschler,https://www.facebook.com/1458487477750407
2157,Sanae Abdi,https://www.facebook.com/111576226993790
2158,Bündnis 90/Die Grünen Bundestagsfraktion,https://www.facebook.com/108841455115
2159,Dattelner Morgenpost,https://www.facebook.com/254768528023777
2160,FDP Fraktion Bundestag,https://www.facebook.com/341486659645594
2161,Mike Moncsek,https://www.facebook.com/724868617881766
2162,Flensburg-News,https://www.facebook.com/108375834085871
2163,Dr. Hugh Bronson,https://www.facebook.com/1285623548123430
2164,Benedikt Lux,https://www.facebook.com/205803866107712
2165,Dieter Stier,https://www.facebook.com/213324332126468
2166,Hertener Allgemeine,https://www.facebook.com/565169670232799
2167,Anne König,https://www.facebook.com/104479264881235
2168,Stefan Nacke,https://www.facebook.com/344485892619111
2169,Frank Bsirske,https://www.facebook.com/101253805382184
2170,Marktcheck,https://www.facebook.com/1397127203928851
2171,Felix Döring,https://www.facebook.com/101597861880857
2172,Alexander Föhr,https://www.facebook.com/104193911429968
2173,Manuel Gava MdB,https://www.facebook.com/104112811507328
2174,Prominent!,https://www.facebook.com/144722518914405
2175,Matthias Gastel,https://www.facebook.com/280699312717472
2176,RTL Nord,https://www.facebook.com/287387908019766
2177,Helge Braun,https://www.facebook.com/61457331088
2178,Niels Annen,https://www.facebook.com/601163706652420
2179,urbanshit,https://www.facebook.com/156022483918
2180,Michael Brand MdB,https://www.facebook.com/1824216931170605
2181,Ralph Edelhäußer,https://www.facebook.com/101277548850128
2182,Christine Aschenberg-Dugnus MdB,https://www.facebook.com/1581155168671300
2183,Der Bachelor,https://www.facebook.com/569171623099926
2184,Wer wird Millionär?,https://www.facebook.com/128135430589858
2185,ZDF heute-show,https://www.facebook.com/264820405985
2186,Tatort,https://www.facebook.com/33214866692
2187,Schwiegertochter gesucht,https://www.facebook.com/133545496657622
2188,Thorsten Frei,https://www.facebook.com/175778159240756
2189,Donau-Ries-Aktuell,https://www.facebook.com/298944113483466
2190,Robert Farle,https://www.facebook.com/1565754943752371
2191,Tobias B. Bacherle,https://www.facebook.com/623394177837445
2192,Zapp - Das Medienmagazin,https://www.facebook.com/554650928034923
2193,BYC-News Rhein-Main,https://www.facebook.com/145230745841273
2194,Endlich Freitag im Ersten,https://www.facebook.com/1782756325305660
2195,Ralph Brinkhaus,https://www.facebook.com/586378098123212
2196,Jusos Mecklenburg-Vorpommern,https://www.facebook.com/128896170504265
2197,Jusos Hessen,https://www.facebook.com/222228177833101
2198,CDU Berlin,https://www.facebook.com/126952903983246
2199,Deutsche Stimme,https://www.facebook.com/1582752065305561
2200,Quizduell im Ersten,https://www.facebook.com/230157493849600
2201,SPD Sachsen-Anhalt,https://www.facebook.com/107652469330889
2202,netzwertig.com,https://www.facebook.com/49469188827
2203,SPD Sachsen,https://www.facebook.com/50169278122
2204,Jusos Hamburg,https://www.facebook.com/114266450799
2205,Daniel Schneider,https://www.facebook.com/103968754935477
2206,Frau tv,https://www.facebook.com/296289606573
2207,Junge Union Thüringen,https://www.facebook.com/265131894696
2208,Abenteuer Leben,https://www.facebook.com/124698770942289
2209,Jusos Baden-Württemberg,https://www.facebook.com/58691369847
2210,SPD Land Bremen,https://www.facebook.com/524965010906886
2211,CDU Baden-Württemberg,https://www.facebook.com/77094470902
2212,Aferdita Suka,https://www.facebook.com/104159524742196
2213,Manfred Todtenhausen,https://www.facebook.com/370645369674729
2214,Leni Breymaier,https://www.facebook.com/680825728745786
2215,Florian Toncar,https://www.facebook.com/617033428501184
2216,Hakan Demir,https://www.facebook.com/103704231482560
2217,Hansjörg Durz,https://www.facebook.com/608651842489093
2218,Marco Buschmann,https://www.facebook.com/1375993365821383
2219,Großstadtrevier,https://www.facebook.com/256587697731360
2220,Hochheimer Zeitung,https://www.facebook.com/773019976153793
2221,eprimo,https://www.facebook.com/427202191015825
2222,Christina Stumpp MdB,https://www.facebook.com/101594052173211
2223,Radio LOTTE Weimar 106.6 MHz,https://www.facebook.com/291909648166
2224,SUNSHINE LIVE,https://www.facebook.com/127281159288
2225,Radio Wuppertal,https://www.facebook.com/107948212586032
2226,Radio Oberhausen,https://www.facebook.com/264474226304
2227,RADIO RST,https://www.facebook.com/130512333662124
2228,Radio Ton,https://www.facebook.com/164570643077
2229,Regio TV Schwaben,https://www.facebook.com/188232894555484
2230,RADIO PSR,https://www.facebook.com/307961507635
2231,Radio Sauerland,https://www.facebook.com/260545750574
2232,Radio TEDDY,https://www.facebook.com/138168876209051
2233,RadioHashtag+ - läuft bei dir,https://www.facebook.com/116069045722101
2234,rbb 88.8,https://www.facebook.com/152466181493113
2235,"Stephan Brandner, MdB",https://www.facebook.com/1550798871807977
2236,Tamara Lüdke,https://www.facebook.com/106114748151901
2237,Tino Schopf,https://www.facebook.com/568211313345832
2238,Ärztekammer Niedersachsen,https://www.facebook.com/183707511681814
2239,München ist bunt,https://www.facebook.com/114838105201363
2240,Christian Grascha,https://www.facebook.com/249005422496
2241,"AfD - Alternative für Deutschland, Kreisverband Esslingen",https://www.facebook.com/1619518141658139
2242,Asphalt-Magazin,https://www.facebook.com/155783861173238
2243,Klaus Ernst,https://www.facebook.com/86704161022
2244,Katrin Budde,https://www.facebook.com/1653494491643518
2245,Army of Gutmenschen Trollkommando,https://www.facebook.com/408532702687555
2246,Stephan Weil,https://www.facebook.com/192914530744779
2247,"Life - Menschen, Momente, Geschichten",https://www.facebook.com/398997070611868
2248,Björn Försterling,https://www.facebook.com/570020313515040
2249,IG BAU,https://www.facebook.com/132944306745335
2250,AZ Aller-Zeitung Gifhorn,https://www.facebook.com/206668639347068
2251,Westend Verlag,https://www.facebook.com/155352664517885
2252,Krautreporter,https://www.facebook.com/413826305343387
2253,Jusos Brandenburg,https://www.facebook.com/58516455935
2254,Silvia Breher,https://www.facebook.com/549488612106846
2255,Bundeskriminalamt,https://www.facebook.com/290569327651920
2256,Muhanad Al-Halak,https://www.facebook.com/167241520711879
2257,Junge Union Saar,https://www.facebook.com/123267924432483
2258,Eurovision Song Contest Deutschland,https://www.facebook.com/229742890093
2259,CDU Schleswig-Holstein,https://www.facebook.com/275335619167195
2260,DLRG Landesverband Niedersachsen e.V.,https://www.facebook.com/1485280408440896
2261,Ondato,https://www.facebook.com/897542960442979
2262,Grant Hendrik Tonne,https://www.facebook.com/567622146600147
2263,Ringlstetter,https://www.facebook.com/190393418035966
2264,Freie Stimme konservativ patriotisch preußisch,https://www.facebook.com/324038058214573
2265,Für die Eigenen - Die Liste,https://www.facebook.com/172527676959857
2266,IT Pro,https://www.facebook.com/830006513717517
2267,Gutes Deutsch für stramme Deutsche,https://www.facebook.com/455151427978965
2268,Bartmann,https://www.facebook.com/430106977092820
2269,BDK Bund Deutscher Kriminalbeamter,https://www.facebook.com/113719188109
2270,FaceFirst,https://www.facebook.com/99875046004
2271,Deutsche Presse-Agentur,https://www.facebook.com/186293561508225
2272,Dr. Esther Niewerth-Baumann,https://www.facebook.com/976240655840565
2273,Eichsfelder Tageblatt,https://www.facebook.com/355860837785384
2274,DPolG Bundespolizeigewerkschaft,https://www.facebook.com/173415666027913
2275,Grundschulverband e.V. Niedersachsen,https://www.facebook.com/101794041534676
2276,Karawane für die Rechte der Flüchtlinge und MigrantInnen,https://www.facebook.com/340094037626
2277,BOD e.V.,https://www.facebook.com/101201795385614
2278,Renate Künast,https://www.facebook.com/90022819050
2279,Arbeitskreis Polizei und innere Sicherheit (AK POL) in der CSU,https://www.facebook.com/204342966353379
2280,BÜNDNIS 90/DIE GRÜNEN Sachsen,https://www.facebook.com/86337829141
2281,Verena Hubertz,https://www.facebook.com/105233098230457
2282,Dr. Stefan Heck,https://www.facebook.com/1442170879331980
2283,JUNGE POLIZEI,https://www.facebook.com/173734692699308
2284,ADFC Niedersachsen - Die Fahrradlobby,https://www.facebook.com/253964254701486
2285,Deutsche Polizeigewerkschaft Sachsen-Anhalt,https://www.facebook.com/892328524136537
2286,Anna Kassautzki,https://www.facebook.com/104583201395302
2287,Reinhard Houben,https://www.facebook.com/271692326585068
2288,Katja Leikert,https://www.facebook.com/423800571019823
2289,Dr. Ann-Veruschka Jurisch,https://www.facebook.com/115710743642051
2290,Evangelische Perspektiven,https://www.facebook.com/100316068944118
2291,Matthias Miersch,https://www.facebook.com/1394213350791427
2292,FDP Niedersachsen,https://www.facebook.com/51468018860
2293,Tobias Matthias Peterka - MdB,https://www.facebook.com/1527271330697247
2294,Linksjugend ['solid] Schleswig-Holstein,https://www.facebook.com/335531163166186
2295,Gewerkschaft der Polizei Bayern - GdP Bayern,https://www.facebook.com/1672175239673291
2296,Verein für Toleranz und Menschlichkeit Südpfalz e.V.,https://www.facebook.com/346917669069084
2297,iX - Magazin für professionelle Informationstechnik,https://www.facebook.com/270023663022196
2298,AfD-Fraktion NRW,https://www.facebook.com/1919185338293853
2299,Bündnis C - Christen für Deutschland,https://www.facebook.com/675671552542620
2300,Extra 3,https://www.facebook.com/37621248917
2301,DIE LINKE. Berlin,https://www.facebook.com/156304484388194
2302,SPD Fraktion Niedersachsen,https://www.facebook.com/287555251337661
2303,Marcel Scharrelmann,https://www.facebook.com/756108164541457
2304,Mario Beger - Ihr Abgeordneter,https://www.facebook.com/881672405243290
2305,Stephan Jersch,https://www.facebook.com/1489385244699884
2306,Detlev Schulz-Hendel MdL,https://www.facebook.com/218934548602456
2307,Hildegard Bentele,https://www.facebook.com/115619715254512
2308,Schrobenhausener Zeitung,https://www.facebook.com/139167479454542
2309,Markus Hofmann,https://www.facebook.com/170478240286933
2310,Andrea Busche,https://www.facebook.com/108629838397938
2311,Grüne Fraktion Berlin,https://www.facebook.com/288175680415
2312,Wedel-Schulauer Tageblatt,https://www.facebook.com/484781681608282
2313,DIE LINKE. Bayern,https://www.facebook.com/395274800547275
2314,Barbara Klepsch,https://www.facebook.com/2108519612545731
2315,Dennis True,https://www.facebook.com/110911944856734
2316,"Jan Redmann, MdL",https://www.facebook.com/1490802567829660
2317,Linksjugend['solid]Thüringen,https://www.facebook.com/211762745543959
2318,Grüne Jugend Berlin,https://www.facebook.com/190699887643718
2319,Sascha Philipp,https://www.facebook.com/391804071367498
2320,AfD-Fraktion im Thüringer Landtag,https://www.facebook.com/969753549706725
2321,Minister Olaf Lies,https://www.facebook.com/407246432729975
2322,"Dorothee Bär, MdB",https://www.facebook.com/84588674291
2323,Lisa Gnadl,https://www.facebook.com/596834743682994
2324,Marion Schardt-Sauer MdL,https://www.facebook.com/582870681731673
2325,ADD - Allianz Deutscher Demokraten,https://www.facebook.com/877237479047843
2326,Frank Kaufmann,https://www.facebook.com/286013208100343
2327,GRÜNE JUGEND Sachsen,https://www.facebook.com/101263856633411
2328,Sarah Timmann,https://www.facebook.com/100540751556415
2329,Dorothea Wehinger MdL,https://www.facebook.com/100402411864312
2330,Guido Déus,https://www.facebook.com/1058768984234455
2331,SSW,https://www.facebook.com/196616723733997
2332,FDP Saar - SaarLiberale,https://www.facebook.com/189006054445407
2333,Jessica Rosenthal,https://www.facebook.com/109006391253440
2334,"Katrin Schleenbecker, MdL",https://www.facebook.com/102400278505780
2335,Stefan Naas,https://www.facebook.com/354492595049805
2336,Volker Richter,https://www.facebook.com/101147131278254
2337,Sabine Jansen,https://www.facebook.com/231775290355529
2338,Christoph Bratmann - Landtagsabgeordneter,https://www.facebook.com/371366359966992
2339,FDP Mecklenburg-Vorpommern,https://www.facebook.com/202215676478081
2340,Pyrmonter Nachrichten,https://www.facebook.com/850250648387857
2341,DIE LINKE. Fraktion im Landtag Brandenburg,https://www.facebook.com/117892534983511
2342,Ann Christin von Allwörden,https://www.facebook.com/1493955104165802
2343,Nicole Razavi MdL,https://www.facebook.com/100933814821624
2344,Lars Pochnicht,https://www.facebook.com/1999666383403629
2345,"Bergpartei, die überpartei",https://www.facebook.com/405996162802965
2346,"Felix Martin, MdL",https://www.facebook.com/635930310090217
2347,Monika Grütters,https://www.facebook.com/969991799799891
2348,Henning Höne,https://www.facebook.com/167807820022176
2349,Christian Pegel,https://www.facebook.com/1057112721018962
2350,Marius Weiß,https://www.facebook.com/287053475059993
2351,Fraktion Bündnis 90/Die Grünen Brandenburg,https://www.facebook.com/233758036642405
2352,Michael Gwosdz,https://www.facebook.com/120624218011424
2353,Stephanie Meiser,https://www.facebook.com/111404981370322
2354,CDU-Fraktion im Landtag Mecklenburg-Vorpommern,https://www.facebook.com/744055308985961
2355,Partei der Nichtwähler,https://www.facebook.com/1185211841569882
2356,Tarek Al-Wazir,https://www.facebook.com/2503518396540820
2357,Bastian Hartmann,https://www.facebook.com/113782070390921
2358,Britta Kornmesser,https://www.facebook.com/435832397210918
2359,Junge Liberale Niedersachsen,https://www.facebook.com/34894868995
2360,Martin Buschmann MEP,https://www.facebook.com/213424936193223
2361,SPD-Fraktion im Bayerischen Landtag,https://www.facebook.com/146049068749703
2362,"David Wulff, MdL",https://www.facebook.com/144488038949572
2363,"Marcus Bocklet, MdL",https://www.facebook.com/2097919440492609
2364,DIE LINKE. Schleswig-Holstein,https://www.facebook.com/166174613410024
2365,Boris Rhein,https://www.facebook.com/1471892976391043
2366,Dr. Günther Bergmann,https://www.facebook.com/284670818275207
2367,Bundesanstalt für Wasserbau (BAW),https://www.facebook.com/209870889049283
2368,Grüne Jugend Hessen (GJH),https://www.facebook.com/140702982659620
2369,Christian Winter,https://www.facebook.com/1970130236397189
2370,Christian Dahm,https://www.facebook.com/230792993777216
2371,Michael Hanko,https://www.facebook.com/768579716861584
2372,Linksjugend 'solid Bremen,https://www.facebook.com/553664721397182
2373,Wiebke Zweig CDU,https://www.facebook.com/108234061731832
2374,Marc Timmer,https://www.facebook.com/106058751942738
2375,Joachim Kuhs,https://www.facebook.com/451235565433448
2376,Dr. Nicole Hoffmeister-Kraut,https://www.facebook.com/490057484500952
2377,Tim Achtermeyer,https://www.facebook.com/103926338790818
2378,Gordon Hoffmann MdL,https://www.facebook.com/1427204984216317
2379,Unabhängige für bürgernahe Demokratie,https://www.facebook.com/110478781284579
2380,"Sophia Schiebe, SPD",https://www.facebook.com/777954965728085
2381,Wolfram Günther,https://www.facebook.com/322133374647827
2382,Serpil Midyatli,https://www.facebook.com/1602662696420915
2383,Alexander Saade,https://www.facebook.com/990242827799998
2384,Sascha Haas,https://www.facebook.com/280246102875854
2385,Andrea Schwarz,https://www.facebook.com/1257112990972304
2386,Julia Eisentraut,https://www.facebook.com/111724307246949
2387,Landeselternrat Niedersachsen,https://www.facebook.com/1456255817755179
2388,Christiane Böhm,https://www.facebook.com/605106392853157
2389,Karl-Ludwig von Danwitz MdL,https://www.facebook.com/627112757486944
2390,Stefan Möller,https://www.facebook.com/1491751574424306
2391,Thore Güldner,https://www.facebook.com/102615382312617
2392,Martin Schmidt - AfD MdL,https://www.facebook.com/103343858375708
2393,Kira Braun,https://www.facebook.com/111200457909267
2394,Hans-Jürgen Müller,https://www.facebook.com/654481185023260
2395,Gregor Kaiser,https://www.facebook.com/109043360846053
2396,Albrecht Schütte MdL,https://www.facebook.com/2291522904239587
2397,Udo Wernitz MdL,https://www.facebook.com/365611143994121
2398,Ina Besche-Krastl,https://www.facebook.com/372592496430377
2399,Sarah Philipp,https://www.facebook.com/271499979603031
2400,Bundesakademie für Sicherheitspolitik,https://www.facebook.com/542727309206306
2401,Astrid Wallmann,https://www.facebook.com/327776243963114
2402,Christina Kampmann,https://www.facebook.com/227363224055470
2403,Heiko Scholz - AfD,https://www.facebook.com/530613630698950
2404,Dr. Maximilian Krah,https://www.facebook.com/112341743625890
2405,V-Partei³,https://www.facebook.com/476883992349027
2406,Thomas Rudy,https://www.facebook.com/655170387924081
2407,Barbara Richstein,https://www.facebook.com/137621322937937
2408,Swantje Schendel,https://www.facebook.com/105447642260187
2409,Bundeszentrale für politische Bildung (bpb),https://www.facebook.com/59052417687
2410,Dr. Hermann Junghans,https://www.facebook.com/104398035507208
2411,Lobbyisten für Kinder,https://www.facebook.com/104134151779869
2412,Christian Piwarz,https://www.facebook.com/514948678564784
2413,SPD Frankenholz,https://www.facebook.com/106977635077690
2414,Peer Knöfler,https://www.facebook.com/1611003822544700
2415,Uwe Dorendorf,https://www.facebook.com/1447862548644160
2416,Nico Weinmann,https://www.facebook.com/1603199959695219
2417,Guido Wolf,https://www.facebook.com/382072908637491
2418,René Aust,https://www.facebook.com/109661784240136
2419,René Kopka,https://www.facebook.com/101064149247012
2420,Deutsche Rentenversicherung,https://www.facebook.com/211928792195750
2421,Enrico Schult AfD Abgeordneter im Landtag MV,https://www.facebook.com/114849373978114
2422,"Urs Tabbert, MdHB",https://www.facebook.com/143719512355928
2423,Die Sonstigen,https://www.facebook.com/106280101697423
2424,Thordies Hanisch,https://www.facebook.com/1665552260151843
2425,Marten Gäde,https://www.facebook.com/105306208752623
2426,Florian Braun,https://www.facebook.com/832937943501576
2427,Dirk Stamer,https://www.facebook.com/215586348785812
2428,Markus Brinkmann MdL,https://www.facebook.com/502621810073974
2429,FDP-Fraktion Bayern,https://www.facebook.com/637552983272437
2430,"Peer Lilienthal, MdL",https://www.facebook.com/468332456946338
2431,Dr. med. Cornelia Klisch,https://www.facebook.com/225909857614322
2432,Sabine Barthel,https://www.facebook.com/973080193080281
2433,Dilek Engin,https://www.facebook.com/604795912891196
2434,Annkathrin Kammeyer,https://www.facebook.com/157834767617437
2435,Erik Marquardt,https://www.facebook.com/956421597763086
2436,Jacqueline Bernhardt,https://www.facebook.com/152874284780524
2437,"Ralf Plötner, MdL",https://www.facebook.com/112250213607471
2438,Matthias Kerkhoff,https://www.facebook.com/402433743102840
2439,Annette Schütze,https://www.facebook.com/128088694468106
2440,Norika Creuzmann,https://www.facebook.com/682209581958055
2441,Nadine Julitz,https://www.facebook.com/470639076394243
2442,Olaf Steinbiß,https://www.facebook.com/123526324382795
2443,Antje Grothus,https://www.facebook.com/107910755189003
2444,Mach nichts falsch - wähl Marcus Malsch MdL,https://www.facebook.com/245707472285900
2445,Harald Terpe,https://www.facebook.com/117186015464
2446,Ina Blumenthal,https://www.facebook.com/102213315469901
2447,Lara Evers,https://www.facebook.com/108512808498894
2448,"MdL, Eka von Kalben",https://www.facebook.com/185059895657586
2449,Gudrun Petzold,https://www.facebook.com/101093301743519
2450,Peter Strobel,https://www.facebook.com/173820486010736
2451,Dirk Adams,https://www.facebook.com/259815718152387
2452,Anna Bauseneick,https://www.facebook.com/109871924981250
2453,Dr. Sabine Sütterlin-Waack,https://www.facebook.com/517248138300740
2454,Matthias Arends,https://www.facebook.com/111960209504826
2455,Klaus Esser,https://www.facebook.com/415367309037687
2456,"Andrea Tschacher, MdL",https://www.facebook.com/180795919077648
2457,FDP Berlin,https://www.facebook.com/196999950359158
2458,Stefan Engstfeld,https://www.facebook.com/102437931477691
2459,Peter Seimer MdL BW,https://www.facebook.com/113686870399585
2460,Olaf Müller,https://www.facebook.com/1088150424582005
2461,Miriam Staudte,https://www.facebook.com/841640212622124
2462,Matthias Goeken MdL,https://www.facebook.com/1184271214940455
2463,Andreas Hein,https://www.facebook.com/490748001119345
2464,Sonja Bongers,https://www.facebook.com/395877977412706
2465,René Repasi,https://www.facebook.com/111417441533557
2466,Benedikt Falszewski,https://www.facebook.com/153307618200145
2467,Claus Ruhe Madsen,https://www.facebook.com/881850695338360
2468,Andrea Prell - Landtagsabgeordnete,https://www.facebook.com/110007891698167
2469,Dr. Jörg Geerlings,https://www.facebook.com/136660759449
2470,Winfried Hermann,https://www.facebook.com/106350006642
2471,Dr. Julia Höller,https://www.facebook.com/101505752462962
2472,Rico Gebhardt,https://www.facebook.com/485451831571115
2473,Sebastian Penno,https://www.facebook.com/101253552535237
2474,"Thomas Thumm, MdL",https://www.facebook.com/105667114420101
2475,Guido Reil,https://www.facebook.com/1745982485667400
2476,Tim Wook,https://www.facebook.com/101525852495713
2477,Markus Grübel,https://www.facebook.com/127441196853
2478,Damhat Sisamci,https://www.facebook.com/101473029028543
2479,Henrike Hahn,https://www.facebook.com/562337807606104
2480,Wolf-Dietrich Rost,https://www.facebook.com/829957650482929
2481,Antonia Mertsching,https://www.facebook.com/549019895608319
2482,Claus Seebeck MdL,https://www.facebook.com/108844923929744
2483,"Torsten Czuppon, MdL",https://www.facebook.com/113747113630977
2484,Alena Fink-Trauschel,https://www.facebook.com/109539777635686
2485,Cindy Lutz MdL,https://www.facebook.com/111014554883379
2486,Niclas Herbst,https://www.facebook.com/320488628674422
2487,Michael Kellner,https://www.facebook.com/337055499789559
2488,BÜNDNIS 90/DIE GRÜNEN NRW,https://www.facebook.com/20672124724
2489,Nils Gründer,https://www.facebook.com/323174961497503
2490,Timon Gremmels,https://www.facebook.com/621438468048970
2491,Macit Karaahmetoglu,https://www.facebook.com/197843980339458
2492,Andrew Ullmann,https://www.facebook.com/245945852526795
2493,Sara Nanni,https://www.facebook.com/101140118478789
2494,Katrin Göring-Eckardt,https://www.facebook.com/60074915591
2495,Roger Beckamp AfD,https://www.facebook.com/2029265380719482
2496,"Rasha Nasr, SPD",https://www.facebook.com/112726154232114
2497,Till Mansmann,https://www.facebook.com/647898078564416
2498,Erich Irlstorfer,https://www.facebook.com/1263509730403029
2499,Żaklin Nastic,https://www.facebook.com/1439163392818750
2500,Andreas Mehltretter,https://www.facebook.com/1691444984516950
2501,Gulfam Malik,https://www.facebook.com/135362773195283
2502,Brian Nickholz,https://www.facebook.com/1623531491263905
2503,Laura Kraft,https://www.facebook.com/113030887118871
2504,Jürgen Lenders,https://www.facebook.com/2082368305366559
2505,Thomas Hacker,https://www.facebook.com/135179350225
2506,Dietmar Nietan,https://www.facebook.com/447923461909909
2507,Victor Perli,https://www.facebook.com/1654288227973259
2508,FDP Stadt- und Kreisverband Heilbronn,https://www.facebook.com/199068893459951
2509,Matthias Hauer,https://www.facebook.com/126360456507
2510,Dunja Kreiser,https://www.facebook.com/101619048703731
2511,Takis Mehmet Ali,https://www.facebook.com/100377718535195
2512,Volker Mayer-Lay,https://www.facebook.com/105133104608651
2513,Sarah Ryglewski,https://www.facebook.com/199066060136423
2514,"Senatsverwaltung für Wissenschaft, Gesundheit und Pflege",https://www.facebook.com/688529427974244
2515,Michael Müller,https://www.facebook.com/299147070277017
2516,Jana Schimke,https://www.facebook.com/309880835800076
2517,Peggy Schierenbeck,https://www.facebook.com/101889895217340
2518,Dr. Franziska Kersten,https://www.facebook.com/1504538346505678
2519,Josephine Ortleb,https://www.facebook.com/197149160794704
2520,Klaus Steiner,https://www.facebook.com/675518949490635
2521,Katja Mast,https://www.facebook.com/499836743410538
2522,Kevin Kühnert,https://www.facebook.com/947558118729088
2523,Moritz Oppelt,https://www.facebook.com/896172484061676
2524,Frank Junge,https://www.facebook.com/720595767983984
2525,Lisa Paus,https://www.facebook.com/554919787966650
2526,Holger Mann,https://www.facebook.com/838580572852292
2527,Dr. Dominik Spitzer,https://www.facebook.com/1851868071557795
2528,"Thorsten Weiß, MdA",https://www.facebook.com/991539877609779
2529,Hep Monatzeder,https://www.facebook.com/268585063781324
2530,Jeannine Rösler,https://www.facebook.com/631693930332214
2531,Nadine Heselhaus,https://www.facebook.com/635670110164497
2532,"Thüringer Ministerium für Arbeit, Soziales, Gesundheit, Frauen und Familie",https://www.facebook.com/766040640093552
2533,Karl Lauterbach (SPD),https://www.facebook.com/112322778782988
2534,"Manfred Grund, MdB",https://www.facebook.com/291844427861571
2535,Der Bote,https://www.facebook.com/535736619778667
2536,Maximilian Mörseburg,https://www.facebook.com/2364772793592996
2537,Junge Liberale JuLis Bayern,https://www.facebook.com/109135205793336
2538,Tim Klüssendorf,https://www.facebook.com/107949401450491
2539,BÜNDNIS 90/DIE GRÜNEN Rheinland-Pfalz,https://www.facebook.com/88331883353
2540,Meinerzhagener Zeitung,https://www.facebook.com/291698907554056
2541,Isabel Mackensen-Geis,https://www.facebook.com/219589951790034
2542,CDU-Landtagsfraktion NRW,https://www.facebook.com/139366599526413
2543,FDP-Landtagsfraktion Schleswig-Holstein,https://www.facebook.com/1749776731967642
2544,Marbacher Zeitung,https://www.facebook.com/249110731828728
2545,Linksjugend ['solid] Saar,https://www.facebook.com/125474557497350
2546,DIE LINKE Fraktion im Landtag Mecklenburg-Vorpommern,https://www.facebook.com/155003957877599
2547,Junge Liberale JuLis Schleswig-Holstein,https://www.facebook.com/110030536640
2548,Gunther Krichbaum,https://www.facebook.com/217240221654203
2549,Memminger Zeitung,https://www.facebook.com/105983617438985
2550,Maintal Tagesanzeiger,https://www.facebook.com/291149904342199
2551,Schlag den Star,https://www.facebook.com/43844822585
2552,Torsten Herbst MdB,https://www.facebook.com/42099597765
2553,Andrej Hunko,https://www.facebook.com/704862432868718
2554,Annika Klose,https://www.facebook.com/101426038525957
2555,Axel Müller,https://www.facebook.com/696134357234281
2556,Ricarda Lang,https://www.facebook.com/106839978072277
2557,Martina Renner,https://www.facebook.com/626402354237715
2558,"Oliver Luksic, MdB",https://www.facebook.com/52888328642
2559,Silke Launert,https://www.facebook.com/401006200007303
2560,"Sebastian Münzenmaier, MdB",https://www.facebook.com/1769949476598582
2561,Britta Haßelmann,https://www.facebook.com/230695653794643
2562,Fraktion DIE LINKE in der Bremischen Bürgerschaft,https://www.facebook.com/178412932204779
2563,Bettina Müller,https://www.facebook.com/306664909442738
2564,Carlos Kasper,https://www.facebook.com/105282218350724
2565,BÜNDNIS 90/DIE GRÜNEN Sachsen-Anhalt,https://www.facebook.com/106637900016
2566,Jan Schröder MdL,https://www.facebook.com/102281242450345
2567,Stefan Berger,https://www.facebook.com/279808529194
2568,Bündnis 90/Die Grünen Brandenburg,https://www.facebook.com/118849647749
2569,Zoe Mayer,https://www.facebook.com/108723377639095
2570,Stefan Rouenhoff,https://www.facebook.com/272413923137815
2571,"Marcel Queckemeyer, MdL Niedersachsen",https://www.facebook.com/100954855113239
2572,Daniel Seiffert,https://www.facebook.com/564272740407535
2573,Zoll-Karriere,https://www.facebook.com/259518304482091
2574,Lasse Petersdotter,https://www.facebook.com/651966651680933
2575,Clarissa Herbst,https://www.facebook.com/105820824488955
2576,Falko Mohrs,https://www.facebook.com/1471721149560126
2577,Tom Brüntrup,https://www.facebook.com/109376348212619
2578,Christoph Plett MdL,https://www.facebook.com/265713447612961
2579,"Jürgen Pohl, MdB",https://www.facebook.com/255285948254612
2580,Dagmar Schmidt,https://www.facebook.com/108131116181
2581,FDP Fraktion Berlin,https://www.facebook.com/365742721816
2582,AfD Dennis Jahn MdL,https://www.facebook.com/106353601701960
2583,Wilfried Oellers,https://www.facebook.com/480535868644583
2584,funky - Die Jugendredaktion der Funke Mediengruppe,https://www.facebook.com/1342342702559938
2585,Freies Bürgerradio Slubfurt,https://www.facebook.com/142451109768018
2586,GOLFTV,https://www.facebook.com/128435361323165
2587,Glückstädter Fortuna,https://www.facebook.com/1500930413478349
2588,Frm-Tv,https://www.facebook.com/200512873293349
2589,gig-blog,https://www.facebook.com/140849274359
2590,Bibel TV,https://www.facebook.com/118544184764
2591,Dieburger Anzeiger,https://www.facebook.com/1503433863289489
2592,Florian Müller,https://www.facebook.com/114018304113787
2593,Svenja Schulze,https://www.facebook.com/49017107028
2594,Oberhessische Zeitung,https://www.facebook.com/626499570746877
2595,Norddeutsche Rundschau / Wilstersche Zeitung - Nachrichten für Itzehoe,https://www.facebook.com/354037407958734
2596,DIE LINKE. Landesverband Saarland,https://www.facebook.com/115707626621
2597,Offenbach-Post Offenbach,https://www.facebook.com/343467379109340
2598,Münsterland Zeitung,https://www.facebook.com/159119567479339
2599,Linksfraktion Hamburg,https://www.facebook.com/380885335256162
2600,Kathrin Henneberger,https://www.facebook.com/111749587397683
2601,Michelle Müntefering,https://www.facebook.com/439265522793389
2602,Leif-Erik Holm,https://www.facebook.com/1106238392760356
2603,Franziska Mascheck,https://www.facebook.com/2240553316270678
2604,Frauke Heiligenstadt,https://www.facebook.com/115232612517030
2605,Manuel Höferlin,https://www.facebook.com/186627140975
2606,Mühlacker Tagblatt,https://www.facebook.com/316036315101710
2607,Penzberger Merkur,https://www.facebook.com/240528196039903
2608,Susanne Mittag,https://www.facebook.com/461296367285910
2609,GRÜNE JUGEND Hamburg,https://www.facebook.com/202668476436727
2610,Die Violetten,https://www.facebook.com/646842262054819
2611,Grüne Fraktion NRW,https://www.facebook.com/201734626599186
2612,Offenburger Tageblatt / Kinzigtalausgabe,https://www.facebook.com/197012893820341
2613,Wittlager Kreisblatt,https://www.facebook.com/401012683295263
2614,Amira Mohamed Ali,https://www.facebook.com/1533185586760485
2615,Oranienburger Generalanzeiger,https://www.facebook.com/125799777482471
2616,Starnberger Merkur,https://www.facebook.com/137415593009043
2617,Plattlinger Anzeiger,https://www.facebook.com/361390440561297
2618,Schifferstadter Tagblatt,https://www.facebook.com/160990777252455
2619,OnlineMarketing.de,https://www.facebook.com/164748813628910
2620,Christian Obrok,https://www.facebook.com/108360141735457
2621,Bayerische Staatskanzlei,https://www.facebook.com/128206267234364
2622,Evangelischer Kirchenfunk Niedersachsen,https://www.facebook.com/622020181198738
2623,Landesapothekerverband Niedersachsen e. V.,https://www.facebook.com/726517287537861
2624,DIE LINKE. Sachsen,https://www.facebook.com/142603625775614
2625,Zanda Martens MdB,https://www.facebook.com/103784008040021
2626,Junge Alternative Bremen,https://www.facebook.com/1527647167261998
2627,Martina Koeppen,https://www.facebook.com/195746327106834
2628,Michael Reul,https://www.facebook.com/123960444462975
2629,"Stefan Müller, FDP",https://www.facebook.com/464138014078357
2630,Arno Enners,https://www.facebook.com/2051860635076941
2631,GRÜNE JUGEND Thüringen,https://www.facebook.com/632135453475900
2632,Junge Alternative Bayern,https://www.facebook.com/422992877827187
2633,"Hildegard Förster-Heldmann, MdL",https://www.facebook.com/407203356066269
2634,Grüne Jugend Rheinland-Pfalz,https://www.facebook.com/338258896262020
2635,Moritz Promny,https://www.facebook.com/459350331137427
2636,FREIE WÄHLER Fraktion im Landtag Rheinland-Pfalz,https://www.facebook.com/106561958185219
2637,Falko Beitz,https://www.facebook.com/386043001603683
2638,Ruhr Nachrichten,https://www.facebook.com/147238675314839
2639,AfD-Fraktion Abgeordnetenhaus Berlin,https://www.facebook.com/250121158707830
2640,"Andreas Keith, MdL",https://www.facebook.com/169616393613453
2641,MLPD,https://www.facebook.com/461041840901568
2642,Jan Bauer,https://www.facebook.com/106493222000946
2643,Elisabeth Kula,https://www.facebook.com/121186698360818
2644,Carlo Clemens MdL,https://www.facebook.com/103927027966041
2645,NNP - Nassauische Neue Presse,https://www.facebook.com/859313960779266
2646,Carolin Kirsch,https://www.facebook.com/111184554755258
2647,SPD-Fraktion Sachsen,https://www.facebook.com/316067627870
2648,Nico Semsrott,https://www.facebook.com/277085252835
2649,Schwarzwälder Bote,https://www.facebook.com/143601887342
2650,Ulrike Bahr,https://www.facebook.com/488276387901037
2651,Sami Musa,https://www.facebook.com/107732210961066
2652,Albert Duin,https://www.facebook.com/271052926376449
2653,Emsdettener Volkszeitung,https://www.facebook.com/110484199030834
2654,"Thüringer Ministerium für Wirtschaft, Wissenschaft & Digitale Gesellschaft",https://www.facebook.com/231314463653767
2655,Freisinger Tagblatt,https://www.facebook.com/121520837936918
2656,Christoph Eilers,https://www.facebook.com/1899780033576273
2657,Gematik GmbH,https://www.facebook.com/112911860994307
2658,Carsten Meyer-Heder,https://www.facebook.com/187955291801060
2659,DRK-Landesverband Niedersachsen e. V.,https://www.facebook.com/399191053489687
2660,Pfälzischer Merkur,https://www.facebook.com/126266320776542
2661,Andreas Kalbitz,https://www.facebook.com/2299270487017208
2662,Apolut,https://www.facebook.com/101329902176006
2663,BabyTV,https://www.facebook.com/305161975583
2664,KNA Katholische Nachrichten-Agentur,https://www.facebook.com/184334758683072
2665,baden.fm,https://www.facebook.com/349841824225
2666,BR - Bayerischer Rundfunk,https://www.facebook.com/157820960901646
2667,Badmintonsport Television,https://www.facebook.com/387307324754698
2668,Antenne Thüringen,https://www.facebook.com/110444409014462
2669,Philosophia perennis,https://www.facebook.com/1758790991028057
2670,Antenne Pfalz,https://www.facebook.com/124793944249394
2671,BAYERN 1,https://www.facebook.com/192496048013
2672,FluxFM,https://www.facebook.com/58026296930
2673,DieKolumnisten,https://www.facebook.com/1669108483325980
2674,delta radio,https://www.facebook.com/304490865590
2675,Ammersee Kurier,https://www.facebook.com/100273262145723
2676,Antenne Pirmasens 88.4,https://www.facebook.com/166006746873002
2677,Antenne NRW,https://www.facebook.com/103051148591321
2678,CHANNEL21,https://www.facebook.com/266039837932
2679,BZMG,https://www.facebook.com/999990670051675
2680,Freies Radio Fratz,https://www.facebook.com/440148142850607
2681,Fuldainfo,https://www.facebook.com/654495494613542
2682,Lausitzwelle,https://www.facebook.com/106317956118732
2683,HITRADIO OHR - einfach näher dran!,https://www.facebook.com/176176508765
2684,Jukebox,https://www.facebook.com/172945986107507
2685,Hamburg 1,https://www.facebook.com/146841422108731
2686,KiKA,https://www.facebook.com/442059382852338
2687,Kabel Eins CLASSICS,https://www.facebook.com/167932613268020
2688,kwerfeldein.de,https://www.facebook.com/226040291710
2689,Ostfriesischer Kurier,https://www.facebook.com/101210786086556
2690,KinoweltTV,https://www.facebook.com/139640069022
2691,Der junge Kulturkanal,https://www.facebook.com/243264897005
2692,Nostalgie - Nur die größten Songs,https://www.facebook.com/110948090819985
2693,nnz-online,https://www.facebook.com/113031639358722
2694,N-JOY,https://www.facebook.com/110867668228
2695,Oder-Spree Fernsehen,https://www.facebook.com/330793323790339
2696,Nord-Ostsee-Magazine,https://www.facebook.com/191712874180160
2697,bermuda.funk,https://www.facebook.com/1504002223247303
2698,M94.5,https://www.facebook.com/123473072157
2699,RTL Passion,https://www.facebook.com/163921230374546
2700,SAT.1,https://www.facebook.com/145019618847447
2701,Ohrfunk.de,https://www.facebook.com/1688786754701790
2702,osna.live,https://www.facebook.com/1678689298823943
2703,Nordhessen Rundschau,https://www.facebook.com/155671931143184
2704,www.oberlahn.de,https://www.facebook.com/108096892557668
2705,OUTtv Deutschland,https://www.facebook.com/1564789953753875
2706,RTL Living,https://www.facebook.com/1033142673383069
2707,Phil Laude,https://www.facebook.com/158833254142988
2708,Qello Concerts by Stingray,https://www.facebook.com/171977572819956
2709,Oberberg-Nachrichten.de,https://www.facebook.com/408341106347
2710,MDR Sachsen,https://www.facebook.com/178865625635002
2711,Body in Balance,https://www.facebook.com/32512301908
2712,Region im Blick - von Baden für Baden,https://www.facebook.com/1039749702739022
2713,Regio TV Bodensee,https://www.facebook.com/432435773513899
2714,Radio Vest,https://www.facebook.com/224188932226
2715,Berchtesgadener Anzeiger,https://www.facebook.com/155659495002011
2716,BBC World Service,https://www.facebook.com/163571453661989
2717,Rocket Beans TV,https://www.facebook.com/403278353053439
2718,BILDblog,https://www.facebook.com/129563916346
2719,Radio Brocken,https://www.facebook.com/106456206049680
2720,MDR JUMP,https://www.facebook.com/110874403762
2721,Radio Emscher Lippe,https://www.facebook.com/104788557049
2722,Radio Neandertal,https://www.facebook.com/164468990240522
2723,Radio2Day,https://www.facebook.com/373554352797312
2724,"Querfunk - Freies Radio Karlsruhe 104,8 MHz",https://www.facebook.com/185453414827134
2725,ProSieben MAXX,https://www.facebook.com/416865885099430
2726,ByteFM,https://www.facebook.com/138803115751
2727,R.SH,https://www.facebook.com/150769909716
2728,newfacts.eu Blaulichtnews,https://www.facebook.com/520679001302642
2729,Radio Bielefeld,https://www.facebook.com/285411269106
2730,Radio Roland,https://www.facebook.com/1285551131466233
2731,planet radio black beats,https://www.facebook.com/188126461272567
2732,PUNKTum Fernsehen,https://www.facebook.com/1558163607763972
2733,Radio Euroherz,https://www.facebook.com/303149595851
2734,planet radio,https://www.facebook.com/69100100137
2735,Radio Bonn/Rhein-Sieg,https://www.facebook.com/114232445267504
2736,Radio Dresden,https://www.facebook.com/101029306623947
2737,ProSieben,https://www.facebook.com/64694257920
2738,RFH - Regionalfernsehen Harz,https://www.facebook.com/178436882227359
2739,JAM FM,https://www.facebook.com/118474214830
2740,Radio Rüsselsheim,https://www.facebook.com/141776045852796
2741,Radio Duisburg,https://www.facebook.com/224465028866
2742,Schlager Radio,https://www.facebook.com/211264548912644
2743,Radio Chemnitz,https://www.facebook.com/140999052603889
2744,ENERGY NRW,https://www.facebook.com/103296138817326
2745,Peilsender,https://www.facebook.com/10150162827445241
2746,SKB TV,https://www.facebook.com/170121513055761
2747,Schwarz Rot Gold TV,https://www.facebook.com/534304110297314
2748,souvenirs from earth,https://www.facebook.com/34289802278
2749,Sissor,https://www.facebook.com/602157639820262
2750,sporttotal.tv,https://www.facebook.com/1203272456423951
2751,SmartDroid.de,https://www.facebook.com/295935093491
2752,sonnenklar.TV,https://www.facebook.com/184774403992
2753,frontal,https://www.facebook.com/323665000888
2754,Verdener Nachrichten,https://www.facebook.com/905019186307285
2755,Yol TV,https://www.facebook.com/105901821041980
2756,Zound1 MIX,https://www.facebook.com/116283937723788
2757,Rundschau Duisburg,https://www.facebook.com/155696384509795
2758,ROCK ANTENNE Hamburg,https://www.facebook.com/131270495613
2759,RLP.TV,https://www.facebook.com/596289840411610
2760,"Tino Sorge, MdB",https://www.facebook.com/410387535708548
2761,Bundesministerium für Wirtschaft und Klimaschutz,https://www.facebook.com/217879838339082
2762,Tom Schreiber,https://www.facebook.com/160149370674177
2763,"Martin Schöffel, Landtagsabgeordneter",https://www.facebook.com/266255737313694
2764,Senatsverwaltung für Finanzen Berlin,https://www.facebook.com/112067384649315
2765,Ministerin Petra Olschowski,https://www.facebook.com/100446581615291
2766,Albert Füracker,https://www.facebook.com/291625570948122
2767,Kai Whittaker,https://www.facebook.com/135445149965726
2768,HNA Schwalm-Eder,https://www.facebook.com/205051949552770
2769,Matthias Czech,https://www.facebook.com/327521987303206
2770,Gerd Mannes,https://www.facebook.com/442474682778346
2771,Stefan Schuster,https://www.facebook.com/312749342120073
2772,Michael Hofmann MdL,https://www.facebook.com/453712378047587
2773,ZDFneo,https://www.facebook.com/147771989635
2774,Usedom TV,https://www.facebook.com/679158415460198
2775,TV Halle,https://www.facebook.com/331242533629982
2776,Luise Amtsberg,https://www.facebook.com/1385001921534931
2777,Melanie Wegling,https://www.facebook.com/104162648529386
2778,Anja Schulz,https://www.facebook.com/330621880671483
2779,"Tommy Tabor, MdA",https://www.facebook.com/530155260517925
2780,Andreas Rimkus MdB,https://www.facebook.com/103859252984490
2781,"Axel Echeverria, MdB",https://www.facebook.com/102685741855508
2782,Mark Helfrich,https://www.facebook.com/264320630338108
2783,Michael Piazolo,https://www.facebook.com/405818562815327
2784,Jens Brandenburg,https://www.facebook.com/364409693629796
2785,Claudia Raffelhüschen,https://www.facebook.com/117183963525332
2786,Dr. Karamba Diaby,https://www.facebook.com/330061277100619
2787,Lars Düsterhöft,https://www.facebook.com/1663624833888357
2788,Johannes Steiniger,https://www.facebook.com/1606725526229201
2789,Hattersheimer Stadtanzeiger,https://www.facebook.com/151903201638548
2790,Johannes Huber MdB,https://www.facebook.com/1345340318840587
2791,Bayerische Rundschau,https://www.facebook.com/124133964331865
2792,Petra Sitte,https://www.facebook.com/231707130202357
2793,Bersenbrücker Kreisblatt (noz.de),https://www.facebook.com/241997209168071
2794,Hessisches Ministerium für Soziales und Integration,https://www.facebook.com/182947929133296
2795,Erwin Rüddel,https://www.facebook.com/120767057956472
2796,Helmut Kaltenhauser MdL,https://www.facebook.com/822344324640469
2797,Hinterländer Anzeiger - mittelhessen.de,https://www.facebook.com/516020468468413
2798,Christoph Skutella,https://www.facebook.com/184532112288947
2799,Tobias Bauschke,https://www.facebook.com/458078794384242
2800,"Walter Nussel, MdL",https://www.facebook.com/764166410395022
2801,Stiftung der Deutschen Wirtschaft (sdw),https://www.facebook.com/237702389593225
2802,Andrea Lindlohr,https://www.facebook.com/104242189650899
2803,Dennis Birnstock,https://www.facebook.com/495195143914422
2804,Thomas Dörflinger,https://www.facebook.com/440694982787066
2805,Daniel Köbler,https://www.facebook.com/152324884791181
2806,Sebastian Cuny MdL,https://www.facebook.com/599377073553041
2807,Sascha Binder,https://www.facebook.com/45040294859
2808,Dr. Christoph Gensch,https://www.facebook.com/164553240939465
2809,Rüdiger Erben,https://www.facebook.com/229397163831608
2810,Detlef Gürth,https://www.facebook.com/1520958648196845
2811,Thomas Korell Landtagsabgeordneter,https://www.facebook.com/106236678171686
2812,Nadyne Saint-Cast MdL,https://www.facebook.com/602849443706248
2813,Simon Rock,https://www.facebook.com/106309314452531
2814,Ulli Hockenberger,https://www.facebook.com/100157631987335
2815,Doris Achelwilm,https://www.facebook.com/130285274309507
2816,Udo Hemmelgarn,https://www.facebook.com/1559497394357047
2817,Ulrich von Zons,https://www.facebook.com/529669860232498
2818,Sandra Carstensen,https://www.facebook.com/473168295887822
2819,Diana Zimmer,https://www.facebook.com/107882784822748
2820,Sven Wendorf,https://www.facebook.com/105171811863349
2821,"Karoline ""Karo"" Otte MdB",https://www.facebook.com/105522878642132
2822,Bastian Treuheit - AfD Stadtrat Zirndorf,https://www.facebook.com/101945883972500
2823,Martin Rabanus,https://www.facebook.com/1519237084957013
2824,Robert Teske,https://www.facebook.com/297590030108859
2825,Markus Matzerath,https://www.facebook.com/505195759947095
2826,Victoria Broßart,https://www.facebook.com/106341218140629
2827,die neue welle,https://www.facebook.com/96663224175
2828,Ralf Nentwich MdL,https://www.facebook.com/119391326522660
2829,Kassenärztliche Vereinigung Niedersachsen,https://www.facebook.com/218452714839386
2830,Sky Sports Golf,https://www.facebook.com/153510645205504
2831,sportdigital,https://www.facebook.com/46117668129
2832,Sky Deutschland,https://www.facebook.com/207140675996970
2833,SPOX.com,https://www.facebook.com/46358999591
2834,ColoRadio Dresden,https://www.facebook.com/319977608191741
2835,HIT RADIO FFH,https://www.facebook.com/85822949683
2836,WDR 4,https://www.facebook.com/733049073494844
2837,ENERGY Sachsen,https://www.facebook.com/77847354897
2838,Caschys Blog,https://www.facebook.com/119714831418
2839,Arte,https://www.facebook.com/1529846017308575
2840,MeiDresden.de,https://www.facebook.com/147713791964905
2841,National Geographic,https://www.facebook.com/275697388811
2842,QVC,https://www.facebook.com/153227878371
2843,Metropolregion.tv,https://www.facebook.com/839538846140876
2844,myheimat.de,https://www.facebook.com/13441967996
2845,Meissen Fernsehen,https://www.facebook.com/116343388469010
2846,Radio Paradiso,https://www.facebook.com/191352747549683
2847,mephisto 97.6,https://www.facebook.com/367861371221
2848,neueins,https://www.facebook.com/278923828896312
2849,Nachrichten München,https://www.facebook.com/112186468792830
2850,"ANTENNE MAINZ 106,6",https://www.facebook.com/222502341138692
2851,Bergblick,https://www.facebook.com/105250025192737
2852,BSW Brandenburg,https://www.facebook.com/355029487693369
2853,Cài đặt MuOnline,https://www.facebook.com/319636628770521
2854,one ARD,https://www.facebook.com/217409215341
2855,detektor.fm,https://www.facebook.com/133406028343
2856,Judith Skudelny,https://www.facebook.com/459810777747747
2857,Alexander Radwan,https://www.facebook.com/740593499286362
2858,Dr. Gesine Lötzsch,https://www.facebook.com/77067914982
2859,Frank Imhoff,https://www.facebook.com/294469427942123
2860,"Rüdiger Lucassen, MdB",https://www.facebook.com/1237818033002038
2861,Hersbrucker Zeitung,https://www.facebook.com/113220982052087
2862,Nina Warken,https://www.facebook.com/1429805687231910
2863,Matthias Seestern-Pauly,https://www.facebook.com/302705179873307
2864,Hanna Steinmüller,https://www.facebook.com/108543241443875
2865,Grevener Zeitung,https://www.facebook.com/196058660417154
2866,Jens Spahn,https://www.facebook.com/92576009043
2867,Andrea Stullich,https://www.facebook.com/1089491811146530
2868,Daniel Sieveke,https://www.facebook.com/1526982304272883
2869,Marion Schneid  - Landtagsabgeordnete RLP,https://www.facebook.com/455449171305067
2870,Stefan Ruland,https://www.facebook.com/588385517922919
2871,Laura Postma,https://www.facebook.com/102528618886823
2872,Manuela Schmidt,https://www.facebook.com/642313669134895
2873,Hans-Jürgen Thies,https://www.facebook.com/1735588090048244
2874,Hofheimer Zeitung,https://www.facebook.com/940477492689255
2875,Bettina Stark-Watzinger MdB,https://www.facebook.com/468408573213289
2876,Martina Stamm-Fibich,https://www.facebook.com/332058163603185
2877,Thomas Rachel,https://www.facebook.com/671477766298810
2878,Karsten Hilse,https://www.facebook.com/358099231236311
2879,Manfred Ländner,https://www.facebook.com/418925708180658
2880,Metin Hakverdi,https://www.facebook.com/178872845468327
2881,Nadine Schön,https://www.facebook.com/515908098472177
2882,Mareike Lotte Wulf,https://www.facebook.com/239730576465595
2883,Ria Schröder,https://www.facebook.com/577202219125903
2884,Tobias Winkler,https://www.facebook.com/100471655645989
2885,Danny Freymark,https://www.facebook.com/225436390816202
2886,Cuxhavener Nachrichten,https://www.facebook.com/117590404925183
2887,Bramscher Nachrichten (noz.de),https://www.facebook.com/266498723396744
2888,Gabriele Triebel,https://www.facebook.com/421219991961211
2889,Jürgen Berghahn,https://www.facebook.com/282288198926
2890,Alexander Dobrindt,https://www.facebook.com/62772136958
2891,Joachim Wundrak,https://www.facebook.com/101503271893759
2892,Hallertauer Zeitung,https://www.facebook.com/308813425849587
2893,Niklas Schrader MdA,https://www.facebook.com/1721795281432203
2894,Holzkirchner Merkur,https://www.facebook.com/219558441416608
2895,Hennigsdorfer Generalanzeiger,https://www.facebook.com/589163937805390
2896,BDI - Bundesverband der Deutschen Industrie,https://www.facebook.com/186206440652
2897,Grüne München,https://www.facebook.com/381177051962
2898,"Ministerium für Wirtschaft, Innovation, Digitales und Energie",https://www.facebook.com/430111700332957
2899,Thorsten Lieb,https://www.facebook.com/749396432090053
2900,Junge Liberale Brandenburg,https://www.facebook.com/83895604171
2901,SPD-Fraktion Land Bremen,https://www.facebook.com/798672606828740
2902,Inge Blask,https://www.facebook.com/241749525372
2903,Junge Alternative Schleswig-Holstein,https://www.facebook.com/741571349199348
2904,ANIXE,https://www.facebook.com/124314694283969
2905,AstroTV,https://www.facebook.com/105764799472732
2906,Antenne Zweibrücken 91.6,https://www.facebook.com/464191913623896
2907,Nico Steinbach,https://www.facebook.com/683792998390867
2908,Lars-Jörn Zimmer,https://www.facebook.com/100342574946215
2909,"Karsten Woldeit, MdA",https://www.facebook.com/1701434933437942
2910,Bayern.de,https://www.facebook.com/237236916311200
2911,Ana-Maria Trasnea,https://www.facebook.com/371854969990030
2912,Julia Verlinden,https://www.facebook.com/528410977196029
2913,"Martin Sichert, MdB",https://www.facebook.com/1509620576000837
2914,Hessisches Ministerium der Finanzen,https://www.facebook.com/106063037604976
2915,Stefan Evers,https://www.facebook.com/365789826766113
2916,Ellen Haußdörfer,https://www.facebook.com/227565720590249
2917,Marlene Schönberger,https://www.facebook.com/564894743865676
2918,Dirk Brandes - Für Niedersachsen im Bundestag,https://www.facebook.com/116064499060160
2919,"Senatsverwaltung für Wirtschaft, Energie und Betriebe",https://www.facebook.com/612108828989722
2920,Markus Blume,https://www.facebook.com/200855900382059
2921,Wirtschaftsministerium Schleswig-Holstein,https://www.facebook.com/196037777098185
2922,Matthias Moosdorf MdB,https://www.facebook.com/105237008197753
2923,Dr. Lukas Köhler MdB,https://www.facebook.com/928551830613355
2924,René Springer,https://www.facebook.com/180406922444317
2925,Dirk-Ulrich Mende,https://www.facebook.com/1689308497955488
2926,"Michael Kießling, MdB",https://www.facebook.com/377691905935080
2927,Innenministerium Sachsen,https://www.facebook.com/201368479885565
2928,Margit Wild,https://www.facebook.com/166289253442932
2929,Kassem Taher Saleh,https://www.facebook.com/107969381083059
2930,Katrin Zschau,https://www.facebook.com/105582671675972
2931,Mathias Schulz,https://www.facebook.com/108773748032380
2932,Alfred Sauter,https://www.facebook.com/273666749408271
2933,Dr. Rainer Balzer,https://www.facebook.com/929822837130582
2934,Manuel Hagel,https://www.facebook.com/1024827034206773
2935,Andreas Silbersack MdL,https://www.facebook.com/1647137665544889
2936,Jutta Blatzheim-Roegler,https://www.facebook.com/304281992982532
2937,Manuel Hailfinger,https://www.facebook.com/102858768331138
2938,Ansgar Mayr - Landtagsabgeordneter,https://www.facebook.com/106683104348750
2939,Nicole Anger,https://www.facebook.com/101342872219508
2940,Radio X,https://www.facebook.com/208559300603
2941,"Giorgina Kazungu-Haß, MdL",https://www.facebook.com/1507828106182652
2942,Jonas Hoffmann MdL,https://www.facebook.com/1757879291167211
2943,Christina Schulze Föcking,https://www.facebook.com/367731607958
2944,Hendrik Schmitz,https://www.facebook.com/319331394786924
2945,"Dr. Heide Richter-Airijoki, SPD",https://www.facebook.com/100440141955125
2946,Daniela Evers,https://www.facebook.com/106938141173635
2947,Christine Neumann-Martin - MdL,https://www.facebook.com/420115644834264
2948,Hermino Katzenstein,https://www.facebook.com/413548832162264
2949,Dr. Helmut Martin,https://www.facebook.com/425261087917506
2950,Joachim Stamp,https://www.facebook.com/451196535029551
2951,Eileen Woestmann,https://www.facebook.com/104853225313440
2952,Martin Lucke,https://www.facebook.com/107151701765336
2953,Bernd Mettenleiter,https://www.facebook.com/113123693821479
2954,Jörg Denninghoff,https://www.facebook.com/683913958346270
2955,Hans-Jürgen Goßner MdL - AfD,https://www.facebook.com/642469353045950
2956,Steven Wink,https://www.facebook.com/212645802197793
2957,Konrad Epple,https://www.facebook.com/107792171135201
2958,"Hannes Loth, MdL",https://www.facebook.com/905062979516659
2959,Dr. Oliver Kusch,https://www.facebook.com/100566362179114
2960,VOX,https://www.facebook.com/110117102430749
2961,Johann Wadephul,https://www.facebook.com/1619528691651829
2962,MV1.TV,https://www.facebook.com/319589501469946
2963,radio GOLD,https://www.facebook.com/394434757301451
2964,Radio Potsdam,https://www.facebook.com/104907353012377
2965,RADIO F.R.E.I.,https://www.facebook.com/401060075561
2966,Radio T,https://www.facebook.com/110832555623211
2967,Kein Bock Auf Nazis,https://www.facebook.com/144381211367
2968,Amnesty International Deutschland,https://www.facebook.com/27352749603
2969,Dietmar Friedhoff AfD Bundestagsabgeordneter,https://www.facebook.com/252430545222820
2970,Katrin Staffler MdB,https://www.facebook.com/1145118288919890
2971,Thomas Hitschler,https://www.facebook.com/228669933928090
2972,Elisabeth Kaiser,https://www.facebook.com/1825871520988552
2973,"Marianne Schieder, MdB",https://www.facebook.com/728011090672695
2974,NonstopNews Müritz,https://www.facebook.com/161345833948905
2975,Christof Rasche,https://www.facebook.com/260620527360604
2976,Mehmet Ali Seyrek,https://www.facebook.com/1435145800098119
2977,Jörg Stroedter,https://www.facebook.com/362841570768322
2978,Maja Wallstein,https://www.facebook.com/258679164938305
2979,epicenter.works,https://www.facebook.com/164063546981243
2980,Nazis vertreiben - Geflüchtete bleiben,https://www.facebook.com/1994601640764961
2981,Christian Heinz,https://www.facebook.com/1954801171499759
2982,Olaf Scholz,https://www.facebook.com/104145414310
2983,AfD Niedersachsen,https://www.facebook.com/338480852961658
2984,FDP-Fraktion Hessen,https://www.facebook.com/138238532889523
2985,Caritas in Niedersachsen,https://www.facebook.com/1689511764627142
2986,Fefes Blog,https://www.facebook.com/108492939198370
2987,FDP-Fraktion im Niedersächsischen Landtag,https://www.facebook.com/107189775985674
2988,Lisa Kapteinat,https://www.facebook.com/1131348326902985
2989,Bündnis 90/Die Grünen Mecklenburg-Vorpommern,https://www.facebook.com/187394117987834
2990,Barbara Otte-Kinast,https://www.facebook.com/287949875349438
2991,Hamburger Nachrichtendienst,https://www.facebook.com/185279744942146
2992,PARTEI MENSCH UMWELT TIERSCHUTZ,https://www.facebook.com/108568039165729
2993,RUMS,https://www.facebook.com/100567834930339
2994,Radio Utopie,https://www.facebook.com/154735157907085
2995,"Allianz für Menschenrechte, Tier- und Naturschutz",https://www.facebook.com/318201348243820
2996,Justiz.NRW-Karriere,https://www.facebook.com/332294344279167
2997,Deutsche Mitte,https://www.facebook.com/536586303081475
2998,Deutschland-Aktuell,https://www.facebook.com/109131931460020
2999,GRÜNE Hamburg,https://www.facebook.com/25406037041
3000,LIEBE partei,https://www.facebook.com/2396070127293164
3001,Blogrebellen,https://www.facebook.com/134746052255
3002,Partei für Gesundheitsforschung,https://www.facebook.com/1508924632709603
3003,Die Spur,https://www.facebook.com/716880528430731
3004,Deutschland statt BRD,https://www.facebook.com/101440704599521
3005,Christian Fühner,https://www.facebook.com/295156587571823
3006,Team Todenhöfer,https://www.facebook.com/102768128479969
3007,PolitikExpress,https://www.facebook.com/168578663173269
3008,Wirtschaftsministerium Hessen,https://www.facebook.com/39198872885
3009,Linksjugend ['solid] Bayern,https://www.facebook.com/216487087671
3010,Lokal-Anzeiger Hamburg,https://www.facebook.com/278794108834149
3011,Partei Bibeltreuer Christen,https://www.facebook.com/348935858455806
3012,Gegen das system,https://www.facebook.com/798811413524115
3013,Ministerium der Justiz RLP,https://www.facebook.com/432894190237551
3014,Jusos Sachsen,https://www.facebook.com/10150139228955451
3015,Datteltäter,https://www.facebook.com/933823676682003
3016,BUND Niedersachsen,https://www.facebook.com/1752458851633381
3017,Grüne Jugend Baden-Württemberg,https://www.facebook.com/139278729445697
3018,Die Bachelorette,https://www.facebook.com/325294534314810
3019,Junge Alternative NRW,https://www.facebook.com/298509536960727
3020,Junge Liberale Hamburg,https://www.facebook.com/455352941247285
3021,JuLis Mecklenburg-Vorpommern,https://www.facebook.com/140364724096
3022,MIETERPARTEI,https://www.facebook.com/1313937578621396
3023,Die Urbane. Eine HipHop Partei,https://www.facebook.com/1325396230840080
3024,BIG Partei Deutschland,https://www.facebook.com/353378298097249
3025,BVB / Freie Wähler,https://www.facebook.com/379808979250786
3026,"Ministerium für Arbeit, Soziales, Frauen und Gesundheit",https://www.facebook.com/648606161910298
3027,Grüne Jugend,https://www.facebook.com/159474940754336
3028,KOPP Nachrichten,https://www.facebook.com/133057523413160
3029,"Ministerium für Klimaschutz, Landwirtschaft, ländliche Räume und Umwelt MV",https://www.facebook.com/103895894816046
3030,Junge Union Sachsen-Anhalt,https://www.facebook.com/134504969946061
3031,Linksjugend ['solid],https://www.facebook.com/97006679395
3032,Ministerium des Innern und für Sport RLP,https://www.facebook.com/113140730489258
3033,LKR - Liberal-Konservative Reformer,https://www.facebook.com/454602764700451
3034,Reuters News Deutschland,https://www.facebook.com/166409743475876
3035,Telepolis,https://www.facebook.com/334294863922
3036,Familien-Partei Deutschlands,https://www.facebook.com/449943065100732
3037,Linksjugend 'solid Brandenburg,https://www.facebook.com/137117363113816
3038,CDU Fraktion Schleswig-Holstein,https://www.facebook.com/1380320645521822
3039,HipHopHolic.de,https://www.facebook.com/110050115702648
3040,Partei der Humanisten,https://www.facebook.com/499613946840551
3041,"Thüringer Ministerium für Umwelt, Energie und Naturschutz",https://www.facebook.com/1587020421540270
3042,mayenerleben.de,https://www.facebook.com/135142797034099
3043,Linksjugend ['solid] Hessen,https://www.facebook.com/200985720007867
3044,Linksfraktion Sachsen,https://www.facebook.com/135005013192622
3045,klatsch-tratsch.de,https://www.facebook.com/123430029550
3046,wyme,https://www.facebook.com/153256788064760
3047,Excellent Education,https://www.facebook.com/112040371298827
3048,Oldenburger Onlinezeitung,https://www.facebook.com/249771248501221
3049,Herford-aktuell,https://www.facebook.com/567517569953809
3050,DIE LINKE Land Bremen,https://www.facebook.com/196114277078358
3051,Linksjugend ['solid] Rheinland-Pfalz,https://www.facebook.com/333641666672313
3052,Iserlohner.Nachrichten,https://www.facebook.com/569736559813206
3053,ZDNet.de,https://www.facebook.com/121635877847733
3054,Junge Liberale (JuLis) Thüringen,https://www.facebook.com/124034894274595
3055,EXTRA ­Das RTL-Magazin,https://www.facebook.com/229745323881807
3056,Die Anstalt - politische Kabarett-Sendung,https://www.facebook.com/848629798549705
3057,Junge Union Niedersachsen,https://www.facebook.com/105378049520960
3058,Alarm für Cobra 11,https://www.facebook.com/124104987628027
3059,Promipool,https://www.facebook.com/243921004968
3060,Dr. Sabine Weigand,https://www.facebook.com/295997074285117
3061,Junge Union Hessen,https://www.facebook.com/219942005150
3062,Free European Song Contest,https://www.facebook.com/1834069786812640
3063,CDU Nordrhein-Westfalen,https://www.facebook.com/108185017409
3064,Jürgen Trittin,https://www.facebook.com/87410317539
3065,Gülseren Demirel,https://www.facebook.com/1904641943161520
3066,FDP Bayern,https://www.facebook.com/350558562311
3067,Gesamtverband Verkehrsgewerbe Niedersachsen - GVN e.V.,https://www.facebook.com/1703480493219975
3068,Dirk Stettner,https://www.facebook.com/268734556802162
3069,Johannes Kraft,https://www.facebook.com/203843739662928
3070,Die Frage,https://www.facebook.com/125436717598324
3071,Dr. Kristin Brinker,https://www.facebook.com/108313499637735
3072,"Orkan Özdemir, MdA",https://www.facebook.com/115005446965572
3073,Fraktion DIE LINKE. im Hessischen Landtag,https://www.facebook.com/396752780459455
3074,Maren Jasper-Winter,https://www.facebook.com/992940494114012
3075,Bettina Jarasch,https://www.facebook.com/114018010467911
3076,BÜNDNIS 90/DIE GRÜNEN Baden-Württemberg,https://www.facebook.com/108655285842827
3077,Florian von Brunn,https://www.facebook.com/134457900027950
3078,CDU Arbeitskreis Polizei Baden-Württemberg,https://www.facebook.com/108413040923158
3079,Feministische Partei Die Frauen,https://www.facebook.com/1520000258283936
3080,Linksjugend ['solid] Niedersachsen,https://www.facebook.com/249674051742739
3081,Freie Medienkritik,https://www.facebook.com/200718463279572
3082,ODA Hassepaß,https://www.facebook.com/105215618445573
3083,Benjamin Adjei,https://www.facebook.com/376044099813649
3084,Georg Eisenreich,https://www.facebook.com/172024836782536
3085,Nyke Slawik,https://www.facebook.com/235872691684433
3086,"Martin Mittag, MdL",https://www.facebook.com/1786292521634364
3087,Ole Thorben Buschhüter - Bürgerschaftsabgeordneter für Rahlstedt,https://www.facebook.com/114775295205405
3088,Jeannette Auricht MdA,https://www.facebook.com/109775244497753
3089,Philip Zeschmann,https://www.facebook.com/100108458574010
3090,Dr. Magnus Buhlert,https://www.facebook.com/1581719448749973
3091,Robert Riedl MdL,https://www.facebook.com/108761575032578
3092,"Holger Krestel, MdA",https://www.facebook.com/1909907319294622
3093,"Jürgen Frömmrich, MdL",https://www.facebook.com/265376560585927
3094,Heinz Lotz,https://www.facebook.com/121470284590893
3095,"Ronald Hande, MdL",https://www.facebook.com/1737947239863724
3096,Anna Lührmann,https://www.facebook.com/100532052212970
3097,Christian Leye,https://www.facebook.com/983545195099994
3098,Johannes Arlt - Für MSE und LRO im Bundestag,https://www.facebook.com/108655634192831
3099,SPD-Landtagsfraktion Baden-Württemberg,https://www.facebook.com/136815499687911
3100,BORLIFE.de,https://www.facebook.com/167292753326257
3101,Prof. Dr. Ingo Hahn MdL,https://www.facebook.com/323724108344975
3102,"Dr. Wolfgang Strengmann-Kuhn, MdB",https://www.facebook.com/187802098063534
3103,Sebastian Czaja,https://www.facebook.com/227292860644574
3104,Manja Schüle,https://www.facebook.com/818345891640837
3105,Bettina König,https://www.facebook.com/125369477540130
3106,"Martina Fehlner, MdL",https://www.facebook.com/1459035364377194
3107,Christian Freiherr von Stetten,https://www.facebook.com/278715157753
3108,"Christian Sauter, MdB",https://www.facebook.com/259956694101149
3109,Marja-Liisa Völlers,https://www.facebook.com/1795700464080827
3110,Kirsten Kappert-Gonther,https://www.facebook.com/234233933684975
3111,Konrad Stockmeier,https://www.facebook.com/101156248599596
3112,Katja Adler,https://www.facebook.com/106967991184300
3113,Oliver Grundmann,https://www.facebook.com/569278623090292
3114,Knut Gerschau,https://www.facebook.com/107113291705455
3115,"Jörn König, MdB",https://www.facebook.com/181535349099426
3116,Erik von Malottki,https://www.facebook.com/1470987849804375
3117,"Steffen John, MdL",https://www.facebook.com/1830021937266591
3118,Mariana Harder-Kühnel,https://www.facebook.com/319006178685355
3119,Mathias Papendieck,https://www.facebook.com/423387691111888
3120,Kai Gehring,https://www.facebook.com/93711056469
3121,Irene Mihalic MdB,https://www.facebook.com/196359297238038
3122,Peter Aumer,https://www.facebook.com/272174299602455
3123,Sandra Weeser,https://www.facebook.com/724954954342174
3124,Grüne Jugend Brandenburg,https://www.facebook.com/163915963640059
3125,"Jochen Kohler, MdL",https://www.facebook.com/1885404191739789
3126,Thilo Kleibauer,https://www.facebook.com/1093488694018412
3127,Alexander Muthmann,https://www.facebook.com/325638204209477
3128,Andreas Noack MdL,https://www.facebook.com/616932705117008
3129,Junge Alternative Hamburg,https://www.facebook.com/215857918570270
3130,"Katja Poschmann, MdL",https://www.facebook.com/1461115060685372
3131,Gerd Schreiner,https://www.facebook.com/428256184665420
3132,Dietrich Monstadt,https://www.facebook.com/1019710724716909
3133,Junge Alternative Sachsen,https://www.facebook.com/219393411562829
3134,Stefan Löw,https://www.facebook.com/1800790969953722
3135,"Dr. Ute Eiling-Hütig, MdL",https://www.facebook.com/656300844400331
3136,Sven Rissmann,https://www.facebook.com/220020581695922
3137,Alex Dorow,https://www.facebook.com/470761819674131
3138,Frank Grobe,https://www.facebook.com/2062817733989885
3139,Timo Ahr,https://www.facebook.com/102026728965626
3140,Heiko Melzer,https://www.facebook.com/104083345277877
3141,Dr. Robbin Juhnke,https://www.facebook.com/195006627280103
3142,Kölner Treff,https://www.facebook.com/338029309880185
3143,Katharina Gebauer,https://www.facebook.com/240968112939231
3144,BÜNDNIS 90/DIE GRÜNEN Schleswig-Holstein,https://www.facebook.com/1608463192727453
3145,Wibke Brems,https://www.facebook.com/46354824526
3146,Daniela Billig,https://www.facebook.com/103548707697557
3147,GRÜNE Bayern,https://www.facebook.com/258191139993
3148,Stefan Ziller,https://www.facebook.com/43259223284
3149,Anja Stahmann,https://www.facebook.com/171960656188535
3150,Markus Schreiber,https://www.facebook.com/256913491165344
3151,Björn Matthias Jotzo - Politik,https://www.facebook.com/100489239006903
3152,Hendrikje Klein,https://www.facebook.com/1499493156979337
3153,Lisa Deißler - MdL Hessen,https://www.facebook.com/539198786533475
3154,Franz Bergmüller MdL,https://www.facebook.com/182122032722108
3155,Tobias Eckert,https://www.facebook.com/225381241578073
3156,Heinrich Frieling,https://www.facebook.com/1153865434723072
3157,Andrea Johlige,https://www.facebook.com/597467760289786
3158,"Dr. Mathias Middelberg, MdB",https://www.facebook.com/497960476919389
3159,Michael Dietmann,https://www.facebook.com/202474916483746
3160,"Ulrike Liedtke, MdL",https://www.facebook.com/839148093086160
3161,"Melanie Kühnemann-Grunow, MdA",https://www.facebook.com/1154496837894668
3162,DIE LINKE Thüringen,https://www.facebook.com/134080283313500
3163,Roswitha Schier,https://www.facebook.com/635486029950520
3164,Sandra Quinten,https://www.facebook.com/110058101511614
3165,Johannes Funke - Auf geht's.,https://www.facebook.com/352280802250273
3166,Dr. Saskia Ludwig,https://www.facebook.com/508980172628755
3167,"Christian Goiny, MdA",https://www.facebook.com/140091366077586
3168,Andrea Lindholz,https://www.facebook.com/409561472408666
3169,Ulle Schauws,https://www.facebook.com/386377278159647
3170,Jasmina Hostert,https://www.facebook.com/1162955093739508
3171,Rolf Mützenich,https://www.facebook.com/148837415153421
3172,Hauke Hilz,https://www.facebook.com/776031149178265
3173,Christian Albrecht,https://www.facebook.com/108831041370593
3174,Natascha Kohnen,https://www.facebook.com/206585509437022
3175,Florian Maier,https://www.facebook.com/110043843955679
3176,Karl-Josef Laumann,https://www.facebook.com/418251681550385
3177,Kordula Schulz-Asche,https://www.facebook.com/140216212665755
3178,Maximilian Funke-Kaiser,https://www.facebook.com/575715812512357
3179,Heike Engelhardt,https://www.facebook.com/1454650211502005
3180,DIE LINKE. Sachsen-Anhalt,https://www.facebook.com/331788763571422
3181,Ulrike Scharf,https://www.facebook.com/392240794288656
3182,"Taylan Burcu, MdL",https://www.facebook.com/584922541922805
3183,Matthias Kollatz,https://www.facebook.com/228061710909562
3184,Dr. Inge Gräßle,https://www.facebook.com/137568042759
3185,Dr. Patrick Rapp,https://www.facebook.com/187384331288065
3186,Alexander Baer,https://www.facebook.com/109884494836221
3187,Hannes Gnauck - AfD,https://www.facebook.com/559704501209297
3188,Dr. Rainer Rothfuß,https://www.facebook.com/671364996626176
3189,Deborah Düring,https://www.facebook.com/322235575150754
3190,Dieter Laudenbach,https://www.facebook.com/564200980609283
3191,PdF,https://www.facebook.com/108634977419570
3192,Dr. Carola Ensslen,https://www.facebook.com/103775577851272
3193,"Simone Oldenburg, Ministerin für Bildung und Kindertagesförderung",https://www.facebook.com/270540433346731
3194,Dr. Matthias Büger,https://www.facebook.com/357651197776762
3195,Julian Barlen,https://www.facebook.com/100238765558919
3196,Carl-Bernhard von Heusinger,https://www.facebook.com/111788250352023
3197,Derya Çağlar,https://www.facebook.com/1002891199767911
3198,Albert Rupprecht,https://www.facebook.com/100625493385
3199,Klaus Ranger MdL,https://www.facebook.com/117949966745319
3200,"Prof. Dr. Michael Schierack, MdL",https://www.facebook.com/102350695673164
3201,Holger Hövelmann,https://www.facebook.com/100671172017127
3202,Late Night Berlin,https://www.facebook.com/189244634555020
3203,Dieter Janecek,https://www.facebook.com/1413144042061112
3204,"Andreas Schubert, MdL",https://www.facebook.com/1601787879964686
3205,Jürgen Hardt,https://www.facebook.com/90203217294
3206,RTL Topnews,https://www.facebook.com/107474045010557
3207,"Markus Stein, MdL",https://www.facebook.com/541943245914117
3208,Mathias Stein,https://www.facebook.com/344156702608625
3209,Christian Frölich,https://www.facebook.com/100334279287899
3210,Reinhold Pix MdL,https://www.facebook.com/126733564063356
3211,Olaf in der Beek,https://www.facebook.com/135185067122584
3212,Heiner Rickers,https://www.facebook.com/1204831262969785
3213,Melanie Reinecke - Landtagsabgeordnete,https://www.facebook.com/101124329099848
3214,Jörn Schepelmann,https://www.facebook.com/1494921880527490
3215,Katrin Steinhülb-Joos MdL,https://www.facebook.com/101080351800718
3216,Amnesty International Schweiz,https://www.facebook.com/61433642305
3217,Martin Modschiedler,https://www.facebook.com/410328232411821
3218,Stephan Tiesler,https://www.facebook.com/204891190387229
3219,Christoph Ploß,https://www.facebook.com/266691460417403
3220,Christian Schaft,https://www.facebook.com/885739711466723
3221,Karsten Klein,https://www.facebook.com/120519827980254
3222,Bernd Westphal,https://www.facebook.com/125400970980780
3223,"Jörg Schneider, MdB",https://www.facebook.com/1554948097909429
3224,Reinhard Brandl,https://www.facebook.com/326547101058452
3225,Katrin Helling-Plahr,https://www.facebook.com/101422408233
3226,Beate Müller-Gemmeke,https://www.facebook.com/1432479903663310
3227,"Frank Müller-Rosentritt, MdB",https://www.facebook.com/638812666304504
3228,Ye-One Rhie,https://www.facebook.com/107110814858285
3229,Sebastian Brehm,https://www.facebook.com/138987483307740
3230,Heike Baehrens,https://www.facebook.com/1475998419282812
3231,Carsten Schneider,https://www.facebook.com/107591306090255
3232,Daniel Rinkert,https://www.facebook.com/1626656740985653
3233,Gerald Ullrich,https://www.facebook.com/1981109735453576
3234,Claudia Roth,https://www.facebook.com/80635590663
3235,Filiz Polat,https://www.facebook.com/167292313732467
3236,Dr. Reinhard Löffler,https://www.facebook.com/106274554496868
3237,Ministerium der Justiz und für Migration Baden-Württemberg,https://www.facebook.com/423524728027473
3238,Oliver Vogt,https://www.facebook.com/570977366424599
3239,Stefan Schwartze,https://www.facebook.com/444872249052425
3240,Henning Otte,https://www.facebook.com/263332637458329
3241,Melanie Bernstein MdB,https://www.facebook.com/1584130918547858
3242,Polizeiruf 110,https://www.facebook.com/215831812906
3243,Sven W. Tritschler,https://www.facebook.com/460879450706525
3244,Sönke Rix,https://www.facebook.com/267414470380110
3245,Sarah Buddeberg,https://www.facebook.com/594352027351175
3246,Ekin Deligöz,https://www.facebook.com/108268569247213
3247,Tanja Machalet,https://www.facebook.com/131765320380
3248,Karl Bär,https://www.facebook.com/308243095957112
3249,Paul Ziemiak,https://www.facebook.com/1067821176570031
3250,Josip Juratovic,https://www.facebook.com/53732354560
3251,Cornelia Möhring,https://www.facebook.com/229017740475871
3252,"Detlef Müller, MdB",https://www.facebook.com/395199440836135
3253,Frank Ullrich,https://www.facebook.com/100356622303494
3254,Andreas Scheuer,https://www.facebook.com/127608807419079
3255,Nicolas Zippelius,https://www.facebook.com/102135698530662
3256,Jusos Berlin,https://www.facebook.com/129286555153
3257,"Erhard Grundl, MdB",https://www.facebook.com/179806689429725
3258,Erkrath.jetzt,https://www.facebook.com/114547933310682
3259,Ministerpräsident Stephan Weil,https://www.facebook.com/324082681136000
3260,Peter Beyer,https://www.facebook.com/612601668757620
3261,Ates Gürpinar,https://www.facebook.com/1830151243695018
3262,Deutsches Archäologisches Institut,https://www.facebook.com/151971844813958
3263,Oliver Kaczmarek MdB,https://www.facebook.com/1560487410667957
3264,Benno Zierer,https://www.facebook.com/219284714786655
3265,Raymond Walk,https://www.facebook.com/126892407417157
3266,Volkmar Klein,https://www.facebook.com/72709330562
3267,Junge Alternative Hessen,https://www.facebook.com/544232192322954
3268,AfD-Gruppe in der Bremer Bürgerschaft,https://www.facebook.com/1317609365057190
3269,FDP Sachsen,https://www.facebook.com/66426617453
3270,Maik Außendorf,https://www.facebook.com/108607258028382
3271,AfD Baden-Württemberg,https://www.facebook.com/570893299597210
3272,Nancy Faeser,https://www.facebook.com/49037455311
3273,Bündnis21,https://www.facebook.com/1142073852626928
3274,Tilman Kuban,https://www.facebook.com/1661082517523622
3275,Florian_schroeder_satireshow,https://www.facebook.com/110967821272055
3276,AfD-Landesverband Bremen,https://www.facebook.com/159841780842315
3277,Klaus Mack,https://www.facebook.com/100918065361043
3278,Cansel Kiziltepe,https://www.facebook.com/538735382836792
3279,Herbert Wollmann,https://www.facebook.com/104832414944024
3280,Markus Uhl,https://www.facebook.com/467987053577610
3281,Rasmus Andresen,https://www.facebook.com/110221857961
3282,Christian Petry,https://www.facebook.com/664443296948057
3283,Junge Alternative Sachsen-Anhalt,https://www.facebook.com/1453545051575736
3284,Bündnis 90/Die Grünen Berlin,https://www.facebook.com/103558289679671
3285,"Dr. Christian Wirth, MdB",https://www.facebook.com/365566760558158
3286,GRÜNE Landtagsfraktion Rheinland-Pfalz,https://www.facebook.com/265087723511402
3287,Gregor Gysi,https://www.facebook.com/42497482692
3288,Andreas Lenz,https://www.facebook.com/163923497121139
3289,Katharina Schulze,https://www.facebook.com/118598124966673
3290,Jürgen Coße,https://www.facebook.com/144032345752517
3291,Sylvia Lehmann,https://www.facebook.com/1867495213504775
3292,Sylt TV,https://www.facebook.com/91055949660
3293,Junge Union Hamburg,https://www.facebook.com/94506237713
3294,Katja Meier,https://www.facebook.com/100625520487768
3295,Christoph Willeke,https://www.facebook.com/1571250986502563
3296,Paul Lehrieder MdB,https://www.facebook.com/103441731231156
3297,Michael Roth,https://www.facebook.com/1425725414386857
3298,Dr. Marc Jongen MdB,https://www.facebook.com/824813950905349
3299,Renata Alt,https://www.facebook.com/1264289176971421
3300,"Bernhard Loos, MdB",https://www.facebook.com/224385594673898
3301,Saarland.de,https://www.facebook.com/45978762184
3302,Harald Laatsch,https://www.facebook.com/1753997878177251
3303,Michel-Friedrich Schiefler,https://www.facebook.com/580085819094193
3304,CDU Bremen,https://www.facebook.com/112326918787579
3305,Torsten Koplin,https://www.facebook.com/121317009788
3306,Junge Union Bayern,https://www.facebook.com/247611245841
3307,Benjamin Strasser,https://www.facebook.com/139782149374162
3308,Y-Kollektiv,https://www.facebook.com/517303605133886
3309,"Katja Mitteldorf, MdL",https://www.facebook.com/733454260057648
3310,Sven Meyer,https://www.facebook.com/101551318567002
3311,Andreas Bühl,https://www.facebook.com/234719636709452
3312,Linksjugend ['solid] Baden-Württemberg,https://www.facebook.com/363799139971
3313,ZDF Magazin Royale,https://www.facebook.com/297467490383762
3314,Damian Lohr,https://www.facebook.com/1801359980086071
3315,Junge Union Sachsen & Niederschlesien,https://www.facebook.com/270794718494
3316,SPD-Fraktion Brandenburg,https://www.facebook.com/156288854392108
3317,Jusos Thüringen,https://www.facebook.com/263334177065188
3318,Hans Dieter Scheerer MdL,https://www.facebook.com/172375773122550
3319,Junge Union Bremen,https://www.facebook.com/103714087434
3320,"Margret Wendt, MdL",https://www.facebook.com/100553645746419
3321,"Katrin Gensecke, SPD",https://www.facebook.com/100972878466622
3322,Tino Chrupalla,https://www.facebook.com/1592161514425449
3323,Martin Balasus,https://www.facebook.com/104152345231122
3324,Georg Winter,https://www.facebook.com/443101169443560
3325,Andreas Sturm MdL,https://www.facebook.com/105132217911072
3326,Thomas Losse-Müller,https://www.facebook.com/107635914798197
3327,Fabian Funke,https://www.facebook.com/109612901279011
3328,Marc Vallendar,https://www.facebook.com/1798561513692827
3329,Eva von Angern,https://www.facebook.com/282581785114052
3330,Björn Franken,https://www.facebook.com/382486038571999
3331,Daniel Roi,https://www.facebook.com/392492927554286
3332,Ina Latendorf,https://www.facebook.com/104699278458564
3333,Andreas Jung,https://www.facebook.com/491572037569892
3334,Theresia Bauer,https://www.facebook.com/103893528076379
3335,Volker Wissing,https://www.facebook.com/1566424690272923
3336,Stefan Thielen,https://www.facebook.com/157182301295956
3337,Christine Wernicke,https://www.facebook.com/109142857518309
3338,Lars Hünich,https://www.facebook.com/2179676885680143
3339,Nina Andrieshen,https://www.facebook.com/300171390341295
3340,Axel Wintermeyer,https://www.facebook.com/500398420561
3341,Elke Zimmer,https://www.facebook.com/579905865441531
3342,Claas Rohmeyer MdBB,https://www.facebook.com/330344354117
3343,Sandra Funken,https://www.facebook.com/586514921727029
3344,Wolfgang Jörg,https://www.facebook.com/394713683874861
3345,Jonas Pohlmann - Für Euch vor Ort und im Landtag,https://www.facebook.com/108002548210404
3346,Holger Stahlknecht,https://www.facebook.com/1098213770192004
3347,Uwe Serke MdL,https://www.facebook.com/1399801230237219
3348,Michael Lühmann,https://www.facebook.com/106909244873466
3349,Dagmar Hildebrand,https://www.facebook.com/986338434780816
3350,Annika Fohn,https://www.facebook.com/108174408484443
3351,Bernhard Hoppe-Biermeyer,https://www.facebook.com/650437651820738
3352,Lena Nzume,https://www.facebook.com/104151148843849
3353,Rixa Kleinschmit,https://www.facebook.com/102686395581292
3354,Marlen Block,https://www.facebook.com/1544866378977215
3355,Marcel Hafke MdL,https://www.facebook.com/1475411276096169
3356,Martina Machulla,https://www.facebook.com/100907712549521
3357,Thomas Diener,https://www.facebook.com/555679377916775
3358,Hans-Peter Storz,https://www.facebook.com/155688511137874
3359,Serap Güler,https://www.facebook.com/108210364883453
3360,Jens Nacke,https://www.facebook.com/700163470076783
3361,Marion Gentges,https://www.facebook.com/329063703957074
3362,Isabelle Vandre,https://www.facebook.com/289934391162104
3363,Dr. Uwe Hellstern,https://www.facebook.com/102792295110523
3364,Nico Brünler,https://www.facebook.com/2129527070430466
3365,Dr. Stefan Fulst-Blei MdL,https://www.facebook.com/1642068702709637
3366,Brisant,https://www.facebook.com/923848237713659
3367,Stephan Christ,https://www.facebook.com/1914359772155758
3368,"Judith Gerlach, MdL",https://www.facebook.com/344040952423132
3369,Dimitri Schulz,https://www.facebook.com/1716357461739458
3370,Antonia Hillberg,https://www.facebook.com/503872920042143
3371,DIE LINKE. Brandenburg,https://www.facebook.com/293150187371037
3372,Philipp Fernis,https://www.facebook.com/346398876446928
3373,Lothar Waehler MdL,https://www.facebook.com/105078471379790
3374,DIE LINKE Hamburg,https://www.facebook.com/130391693652056
3375,Kirsten Stich,https://www.facebook.com/102180532332736
3376,Roman-Francesco Rogat,https://www.facebook.com/223036734876605
3377,Chris Schulenburg,https://www.facebook.com/100422238768528
3378,Linksjugend Hamburg,https://www.facebook.com/1482582905362329
3379,Lena Arnoldt - Ihre Landtagsabgeordnete,https://www.facebook.com/482933998440829
3380,Dr. Andreas Schmidt (SPD),https://www.facebook.com/115347451960050
3381,Jörg Bernstein MdL,https://www.facebook.com/106286781522499
3382,Andreas Schumann MdL,https://www.facebook.com/101909308574236
3383,Stephen Brauer,https://www.facebook.com/492878437848626
3384,Jonathan Grunwald,https://www.facebook.com/102865645584347
3385,Eckard Graage,https://www.facebook.com/100374711794007
3386,"Horst Förster, Mitglied des Landtages",https://www.facebook.com/108766231323905
3387,Jusos in der SPD,https://www.facebook.com/40415227476
3388,Lars F. Lindemann,https://www.facebook.com/238786850947
3389,Winfried Kretschmann,https://www.facebook.com/130830350289607
3390,Thomas Jarzombek,https://www.facebook.com/369544409818448
3391,Heidelberg24,https://www.facebook.com/1406499996264440
3392,Tülay Durdu,https://www.facebook.com/183195702192581
3393,Patrick Friedl,https://www.facebook.com/156098758225533
3394,Jörg-Uwe Hahn MdL,https://www.facebook.com/119195096550157
3395,Georg Heitlinger,https://www.facebook.com/106476261428335
3396,Christopher Förster,https://www.facebook.com/962515153832894
3397,Jungliberale Aktion Sachsen,https://www.facebook.com/236448998515
3398,Gerald Kummer,https://www.facebook.com/1499579703629238
3399,Claudia Papst-Dippel MdL,https://www.facebook.com/2226953104248070
3400,"Ariane Fäscher, MdB",https://www.facebook.com/177932197259751
3401,Elombo Bolayela Kandidat 35 der SPD,https://www.facebook.com/1407459366159843
3402,Bernhard Zimniok,https://www.facebook.com/100232087997794
3403,Marlon Bröhr,https://www.facebook.com/616736361775586
3404,Timo Schisanowski MdB,https://www.facebook.com/100528568765838
3405,Anton Hofreiter,https://www.facebook.com/598216760241817
3406,Dr. Anna-Konstanze Schröder,https://www.facebook.com/659951861287783
3407,Jochen Klenner,https://www.facebook.com/1251491131592461
3408,Kristine Lütke MdB,https://www.facebook.com/115669579800284
3409,Pirmasenser Zeitung,https://www.facebook.com/156208061135504
3410,Usinger Anzeiger,https://www.facebook.com/306711876008035
3411,Miesbacher Merkur,https://www.facebook.com/205450446167717
3412,Alt-Neuöttinger Anzeiger,https://www.facebook.com/138355859516632
3413,Altbayerische Heimatpost,https://www.facebook.com/408008142728127
3414,HNA Witzenhausen,https://www.facebook.com/206297719434554
3415,Allgäuer Anzeigeblatt,https://www.facebook.com/100309812401086
3416,Lauterbacher Anzeiger,https://www.facebook.com/720723694623103
3417,"Heimatbote Druckerei & Verlag Ostheimer, Schöllkrippen",https://www.facebook.com/188979054528187
3418,Vaihinger Kreiszeitung,https://www.facebook.com/461340980613475
3419,HNA Wolfhagen,https://www.facebook.com/211665858902722
3420,NW Kreis Höxter,https://www.facebook.com/425962325453
3421,Acher-Rench-Zeitung,https://www.facebook.com/381696192004059
3422,Insel-Bote - Nachrichten für Föhr und Amrum,https://www.facebook.com/419977161345913
3423,Friedberger Allgemeine,https://www.facebook.com/222782044400703
3424,Münstersche Zeitung,https://www.facebook.com/132617640144780
3425,Obermain Tagblatt,https://www.facebook.com/158839957638726
3426,Medical Tribune Deutschland,https://www.facebook.com/183866648316813
3427,Saale-Zeitung,https://www.facebook.com/182629331843260
3428,Lingener Tagespost (noz.de),https://www.facebook.com/168086593286131
3429,Doris Ahnen,https://www.facebook.com/206652553391
3430,Konstantin Pott,https://www.facebook.com/485089181671214
3431,Tobias Wald,https://www.facebook.com/216505568684332
3432,Bernd Althusmann,https://www.facebook.com/162828467491303
3433,Macra.maniacs,https://www.facebook.com/419285025518881
3434,Amnesty International,https://www.facebook.com/111658128847068
3435,Annalena Baerbock,https://www.facebook.com/1675394899406675
